lon,lat,¿ìÀÖ,±¯ÉË,·ßÅ­,¿Ö¾å,¾ªÆæ,Ñá¶ñ,Ðß³Ü
118.489487,35.130235,0,1,0,0,0,0,0
117.305167,36.80808,0,0,0,0,1,0,0
117.090851,36.686205,0,1,0,0,0,0,0
120.281548,36.028456,0,0,0,0,0,1,0
118.254299,35.078689,0,0,0,0,1,0,0
120.499336,35.981767,0,1,0,0,0,0,0
118.31278,35.18861,0,0,0,0,0,0,1
120.422088,36.130036,0,0,0,0,0,0,1
120.381712,36.134898,0,0,0,1,0,0,0
119.316187,36.686266,0,0,0,0,1,0,0
120.240633,35.954688,0,0,1,0,0,0,0
119.14855,36.665478,0,1,0,0,0,0,0
117.923409,36.94839,0,0,0,0,0,0,1
120.337431,36.155148,0,0,1,0,0,0,0
118.33777,35.053856,0,0,0,0,0,1,0
120.376616,36.045993,0,0,0,1,0,0,0
120.52062,36.036243,0,1,0,0,0,0,0
118.515207,34.879163,0,1,0,0,0,0,0
118.120374,36.655216,1,0,0,0,0,0,0
120.575886,36.033432,0,0,1,0,0,0,0
120.176581,36.106219,0,0,0,0,0,1,0
121.443246,37.584786,0,0,0,0,1,0,0
119.159174,36.543298,0,0,0,0,1,0,0
120.450827,36.445397,0,0,0,0,1,0,0
121.464896,37.169072,0,1,0,0,0,0,0
118.406535,34.948401,1,0,0,0,0,0,0
120.291854,36.041543,0,0,1,0,0,0,0
122.145081,37.495439,0,0,0,0,0,1,0
117.296104,36.515391,0,0,0,0,0,0,1
118.493364,35.220373,0,0,0,1,0,0,0
117.082272,36.450121,0,0,0,0,1,0,0
116.508516,35.413898,0,0,0,0,0,1,0
120.296382,36.000204,0,1,0,0,0,0,0
120.515122,36.315655,0,0,0,0,1,0,0
116.923724,36.083337,1,0,0,0,0,0,0
117.329776,35.972674,0,0,1,0,0,0,0
120.391848,36.23445,1,0,0,0,0,0,0
117.068406,36.674642,0,0,0,0,0,0,1
119.327682,36.879423,0,0,0,0,1,0,0
120.249892,36.081583,0,1,0,0,0,0,0
117.098323,35.93288,0,0,0,0,0,1,0
120.529238,36.1008,0,0,0,1,0,0,0
116.962687,36.24192,1,0,0,0,0,0,0
120.322957,36.067115,0,1,0,0,0,0,0
117.108457,36.622911,1,0,0,0,0,0,0
117.132307,36.149958,0,1,0,0,0,0,0
120.260462,36.116608,0,0,0,0,0,1,0
121.943858,37.42852,0,0,0,0,0,0,1
121.397477,37.508196,0,0,0,0,0,1,0
121.302687,37.549661,0,0,0,0,0,1,0
117.006176,36.504176,1,0,0,0,0,0,0
120.424463,36.206721,0,0,0,1,0,0,0
120.186287,36.152616,1,0,0,0,0,0,0
121.577673,37.323863,1,0,0,0,0,0,0
118.336046,35.103192,1,0,0,0,0,0,0
117.151105,36.115659,0,0,0,1,0,0,0
121.670252,37.224429,0,1,0,0,0,0,0
120.4626,36.097979,0,0,0,0,0,0,1
116.531118,35.670874,0,0,0,0,0,1,0
116.01746,37.357114,0,1,0,0,0,0,0
120.391425,36.139219,0,0,0,0,0,1,0
119.161651,36.657608,0,0,0,0,1,0,0
121.617517,37.380135,1,0,0,0,0,0,0
119.109294,36.608031,1,0,0,0,0,0,0
121.913124,37.416067,1,0,0,0,0,0,0
118.977233,36.815447,0,0,0,0,1,0,0
120.374367,36.253726,0,0,1,0,0,0,0
120.266046,36.196109,0,0,1,0,0,0,0
121.77522,37.317275,1,0,0,0,0,0,0
121.960127,37.465976,1,0,0,0,0,0,0
119.077114,36.709349,0,0,1,0,0,0,0
117.212114,36.085762,0,1,0,0,0,0,0
121.329628,37.436284,0,0,0,0,0,0,1
118.657312,35.124643,0,0,1,0,0,0,0
120.511147,35.999998,0,1,0,0,0,0,0
120.258668,36.007881,0,1,0,0,0,0,0
118.477132,34.958622,0,0,1,0,0,0,0
117.133395,36.138289,0,0,0,1,0,0,0
118.210371,36.86146,0,1,0,0,0,0,0
118.343,35.372494,0,0,0,0,1,0,0
118.290443,35.081048,0,0,0,0,0,1,0
116.769143,36.107711,0,0,0,0,1,0,0
119.120054,36.732474,0,0,1,0,0,0,0
117.189273,35.867168,0,0,1,0,0,0,0
120.384566,36.151791,0,0,0,0,0,0,1
119.467201,36.406548,0,0,0,0,0,1,0
120.56531,36.019933,0,0,0,0,0,0,1
118.08965,36.792955,0,0,0,0,0,1,0
117.126053,36.024493,0,0,0,0,0,1,0
118.111802,36.693328,0,0,0,0,0,0,1
118.329476,35.140407,0,0,0,1,0,0,0
120.42955,36.003731,0,0,1,0,0,0,0
118.145687,36.730731,0,0,0,0,0,1,0
120.290051,36.281417,0,0,0,0,0,0,1
120.320761,36.026779,0,0,0,0,0,0,1
119.235859,36.682989,0,0,1,0,0,0,0
120.460813,36.086894,1,0,0,0,0,0,0
119.003321,36.944346,0,0,0,1,0,0,0
119.004938,36.701185,0,0,0,0,1,0,0
120.487325,36.13468,0,0,0,0,1,0,0
116.816964,36.134912,0,0,0,0,0,1,0
116.646425,35.586441,0,0,0,0,0,1,0
116.903649,36.020539,1,0,0,0,0,0,0
118.319945,35.240971,0,0,0,1,0,0,0
120.343021,35.984995,0,1,0,0,0,0,0
121.66668,37.387219,0,1,0,0,0,0,0
119.098903,36.903876,1,0,0,0,0,0,0
120.427887,36.275287,0,0,0,0,1,0,0
118.194039,35.147875,0,1,0,0,0,0,0
121.558509,37.099938,0,0,0,0,0,1,0
120.488121,36.166359,0,0,0,0,0,1,0
119.490695,36.930815,0,1,0,0,0,0,0
118.379662,35.215428,1,0,0,0,0,0,0
117.312702,36.650589,0,0,0,0,0,0,1
116.951705,36.77104,0,1,0,0,0,0,0
118.242191,35.217817,0,1,0,0,0,0,0
118.629371,35.119445,0,0,0,0,0,0,1
117.111386,36.080319,0,0,0,0,0,0,1
122.070127,37.509924,0,1,0,0,0,0,0
117.157501,36.267087,0,0,0,1,0,0,0
118.577378,35.093792,0,0,0,0,0,0,1
116.876266,36.019648,0,0,0,0,1,0,0
121.591612,37.379648,0,1,0,0,0,0,0
116.459625,35.438363,0,1,0,0,0,0,0
118.010392,37.112975,0,0,0,1,0,0,0
118.352852,35.173646,0,0,1,0,0,0,0
120.275833,36.286628,1,0,0,0,0,0,0
117.146531,36.883926,0,0,0,0,0,1,0
120.307306,36.150911,0,0,0,1,0,0,0
121.49644,37.62378,0,0,0,0,0,0,1
119.056483,36.415389,0,0,0,0,0,0,1
118.783668,36.76766,0,0,1,0,0,0,0
121.450944,37.27986,0,0,0,0,1,0,0
116.949277,36.212431,0,0,0,1,0,0,0
117.012482,36.850912,0,0,0,1,0,0,0
115.895737,37.373022,0,0,0,0,1,0,0
119.388596,36.751406,0,1,0,0,0,0,0
118.11686,36.940509,0,0,1,0,0,0,0
120.305847,36.255115,0,0,0,1,0,0,0
120.484184,36.073635,0,0,0,0,0,0,1
117.294262,36.69116,0,0,1,0,0,0,0
120.612573,36.210163,1,0,0,0,0,0,0
117.163087,36.729451,0,0,0,0,0,1,0
117.269458,36.619497,0,0,1,0,0,0,0
116.701552,35.617461,0,0,0,0,0,1,0
118.379369,35.015915,0,0,1,0,0,0,0
117.240719,36.689429,0,0,0,0,0,1,0
116.792336,36.497983,0,1,0,0,0,0,0
117.049528,36.486833,1,0,0,0,0,0,0
118.285374,35.340454,0,0,0,0,0,0,1
117.36456,36.645195,0,0,1,0,0,0,0
119.13043,36.661127,0,0,0,0,0,1,0
120.493292,35.954533,1,0,0,0,0,0,0
121.508094,37.548472,0,0,0,0,1,0,0
118.992143,36.730214,0,0,0,0,0,1,0
119.109647,36.820415,1,0,0,0,0,0,0
120.2257,36.155906,0,0,0,0,1,0,0
119.13437,36.739112,0,0,0,0,0,0,1
120.291094,36.112531,0,0,1,0,0,0,0
120.497945,35.999044,0,0,1,0,0,0,0
119.058726,36.701637,0,1,0,0,0,0,0
116.305776,35.438041,0,0,0,0,0,1,0
121.414568,37.309887,1,0,0,0,0,0,0
117.159355,36.881365,0,0,1,0,0,0,0
118.224575,35.259114,0,0,1,0,0,0,0
121.450447,37.334702,0,0,0,0,0,1,0
121.415596,37.574044,0,0,0,0,0,1,0
120.474985,36.189778,0,0,0,0,0,0,1
118.456865,35.354769,0,0,1,0,0,0,0
120.437452,36.144007,0,1,0,0,0,0,0
120.333818,36.253741,0,1,0,0,0,0,0
120.50974,36.084798,0,0,0,0,0,1,0
121.932634,37.287147,1,0,0,0,0,0,0
116.91234,36.113132,0,0,0,1,0,0,0
120.45893,36.088806,0,0,0,0,0,0,1
121.521261,37.3326,1,0,0,0,0,0,0
119.126665,36.627934,0,0,0,0,0,0,1
118.992736,37.19466,1,0,0,0,0,0,0
118.976094,36.820806,0,0,0,0,1,0,0
120.276094,36.089746,0,0,0,1,0,0,0
120.294546,36.049335,0,0,0,0,1,0,0
118.159977,34.943199,0,0,0,0,0,0,1
120.420061,36.247804,0,1,0,0,0,0,0
120.329164,36.086491,0,0,0,1,0,0,0
121.349083,37.40078,0,1,0,0,0,0,0
120.343978,36.299199,1,0,0,0,0,0,0
118.612897,34.980529,0,0,0,0,0,1,0
119.197646,36.612304,1,0,0,0,0,0,0
118.952532,36.432559,0,0,0,0,0,0,1
117.35233,36.760875,0,0,0,0,1,0,0
116.462373,35.359336,1,0,0,0,0,0,0
121.4025,37.616333,0,0,1,0,0,0,0
121.391723,37.473318,1,0,0,0,0,0,0
117.066181,35.963712,1,0,0,0,0,0,0
117.379833,36.606882,0,0,0,0,1,0,0
119.432242,36.747883,0,0,0,0,0,0,1
120.547117,36.147239,0,0,0,1,0,0,0
121.339198,37.514467,0,0,0,0,1,0,0
121.611335,37.102354,0,0,0,1,0,0,0
120.309981,36.234207,0,0,0,0,0,0,1
120.285022,36.166868,0,0,0,0,0,1,0
122.216008,37.306833,0,0,0,1,0,0,0
117.120178,36.73947,0,0,0,0,0,0,1
121.003244,37.429443,0,0,0,0,0,1,0
118.005534,36.832673,0,0,0,0,1,0,0
120.3901,35.965193,0,0,0,0,0,0,1
117.113289,36.743749,0,0,1,0,0,0,0
121.429219,37.397602,0,0,0,0,0,1,0
119.168663,36.806248,0,0,0,0,1,0,0
117.037573,36.724561,0,0,0,0,0,0,1
117.003998,36.223153,0,0,0,0,0,0,1
120.46018,36.071099,0,0,0,0,0,1,0
120.52662,35.863827,0,1,0,0,0,0,0
121.514689,37.548864,0,0,0,0,1,0,0
121.67439,37.262099,0,0,1,0,0,0,0
116.586819,35.429714,0,0,0,0,0,1,0
120.068974,35.913434,0,0,0,1,0,0,0
117.874426,36.884326,0,0,1,0,0,0,0
118.992497,36.664967,0,0,1,0,0,0,0
118.187462,36.803773,0,0,0,1,0,0,0
120.389203,36.075723,0,0,0,0,0,1,0
121.581365,37.393818,0,0,0,0,0,1,0
120.540397,36.21908,1,0,0,0,0,0,0
118.9155,36.780987,0,0,0,1,0,0,0
117.157596,36.189023,0,0,0,0,0,0,1
118.549489,34.859026,0,0,0,0,0,0,1
119.377731,36.648663,0,0,0,0,0,0,1
121.250166,37.417187,0,1,0,0,0,0,0
118.848458,34.846809,0,0,0,0,0,1,0
117.355687,36.63787,0,0,0,0,0,1,0
116.835344,36.295909,1,0,0,0,0,0,0
117.154579,36.55818,0,0,1,0,0,0,0
121.459636,37.627446,0,0,0,0,0,1,0
116.62095,35.477454,0,0,0,0,0,0,1
120.336566,35.998075,0,0,0,0,1,0,0
117.017231,36.695883,0,0,1,0,0,0,0
118.506852,35.003934,0,0,1,0,0,0,0
118.45716,35.254827,0,0,1,0,0,0,0
118.231995,35.146508,0,0,0,1,0,0,0
118.193439,36.923778,0,0,1,0,0,0,0
119.296052,36.706358,0,0,0,0,0,0,1
118.331074,35.314421,0,0,0,0,0,1,0
116.625784,35.717707,0,1,0,0,0,0,0
118.188137,34.944336,0,0,0,0,0,1,0
117.093585,36.641474,0,0,0,0,0,0,1
121.237341,37.352578,1,0,0,0,0,0,0
117.004858,36.363661,0,1,0,0,0,0,0
116.759179,36.578458,0,0,0,0,1,0,0
121.441068,37.561124,0,0,0,0,0,0,1
122.274938,37.485794,0,0,0,0,0,0,1
120.576777,36.275159,0,1,0,0,0,0,0
116.626627,35.667124,0,0,0,0,0,1,0
122.445949,37.45001,0,0,1,0,0,0,0
117.034703,36.737466,1,0,0,0,0,0,0
121.34809,37.270002,0,0,0,0,1,0,0
120.322324,36.031522,0,0,0,0,0,1,0
120.589529,36.137732,0,0,0,0,1,0,0
120.273183,36.013088,0,0,0,0,0,1,0
118.184218,36.740429,0,0,0,1,0,0,0
117.158226,36.680818,0,0,0,1,0,0,0
117.137805,36.84306,0,0,0,1,0,0,0
121.333864,37.25091,0,0,0,0,1,0,0
121.44965,37.382927,0,0,0,1,0,0,0
118.473809,34.918782,0,0,1,0,0,0,0
117.017117,36.780108,0,1,0,0,0,0,0
118.273653,36.972037,0,0,0,0,1,0,0
117.051235,36.152937,0,0,1,0,0,0,0
120.524118,36.240006,0,0,0,1,0,0,0
117.168392,36.864323,1,0,0,0,0,0,0
116.91097,37.033225,0,0,0,0,0,0,1
119.409792,36.826311,0,1,0,0,0,0,0
119.207321,36.604988,0,0,0,0,0,0,1
117.129781,36.663808,0,0,0,0,0,0,1
116.543169,37.443306,0,0,0,0,0,0,1
120.37231,36.085837,1,0,0,0,0,0,0
120.416311,35.975756,1,0,0,0,0,0,0
120.540133,36.158414,0,0,0,0,1,0,0
117.261895,36.729347,0,0,1,0,0,0,0
121.593266,37.584776,0,0,0,0,1,0,0
117.179507,36.394881,0,0,0,0,1,0,0
120.368802,36.085498,0,0,0,1,0,0,0
117.987772,36.855823,0,0,0,0,0,1,0
117.154091,36.234233,0,0,0,0,1,0,0
117.258707,36.809537,0,0,0,0,1,0,0
118.926964,37.173144,0,0,0,0,1,0,0
120.278429,36.101516,0,0,0,0,0,0,1
118.502462,34.924776,0,0,0,0,0,0,1
119.274945,36.585581,0,1,0,0,0,0,0
121.525599,37.335358,0,0,0,0,0,1,0
116.935683,36.761943,0,0,1,0,0,0,0
122.048625,37.328185,1,0,0,0,0,0,0
118.125917,36.861938,0,0,0,0,0,1,0
120.408487,36.130872,0,0,0,0,1,0,0
119.083076,36.568277,0,0,0,0,0,0,1
120.323387,36.07269,0,0,0,0,0,1,0
121.534905,37.355323,0,0,0,0,1,0,0
120.394766,35.974969,0,0,0,0,0,0,1
121.21313,37.37386,0,0,0,0,1,0,0
119.139309,36.683669,0,0,0,0,0,1,0
118.049454,36.926931,0,0,0,0,0,1,0
120.475397,36.219868,1,0,0,0,0,0,0
117.097822,36.644042,0,0,0,0,0,1,0
119.037021,36.835963,0,1,0,0,0,0,0
120.353682,35.93477,0,0,0,0,1,0,0
119.231502,36.650244,0,0,0,0,0,0,1
119.103722,36.59926,0,0,0,0,0,1,0
121.330986,37.372935,0,1,0,0,0,0,0
120.334268,36.001199,0,0,0,0,0,1,0
120.437576,36.388841,1,0,0,0,0,0,0
117.090605,36.761436,0,1,0,0,0,0,0
116.567278,35.500088,0,0,0,1,0,0,0
116.662079,35.564483,0,0,0,0,0,1,0
120.245913,36.051654,0,0,1,0,0,0,0
117.147813,36.638558,1,0,0,0,0,0,0
121.570199,37.532795,0,0,0,1,0,0,0
119.120461,36.551467,1,0,0,0,0,0,0
121.545179,37.451216,0,0,0,0,1,0,0
121.400562,37.33707,0,0,0,1,0,0,0
118.070953,37.04821,0,0,0,0,1,0,0
117.280398,36.501594,0,1,0,0,0,0,0
120.443236,36.209275,1,0,0,0,0,0,0
119.257925,36.972345,0,0,1,0,0,0,0
120.424583,36.157963,0,0,0,0,1,0,0
120.386703,36.065697,0,0,0,0,0,0,1
118.161923,35.15643,0,0,0,0,1,0,0
121.628074,37.38099,0,0,0,0,0,1,0
120.279887,36.146786,0,0,0,0,0,1,0
120.379178,36.138811,0,0,0,0,1,0,0
117.083576,36.67921,0,0,1,0,0,0,0
118.365881,36.978459,0,0,0,0,0,0,1
117.006703,36.593116,0,0,0,0,1,0,0
119.250745,36.383854,0,0,0,1,0,0,0
116.987076,36.152583,0,0,0,0,1,0,0
121.48562,37.515015,1,0,0,0,0,0,0
118.316431,36.402067,1,0,0,0,0,0,0
121.507557,37.572273,0,0,0,1,0,0,0
116.044152,37.422361,0,0,1,0,0,0,0
120.363389,36.205556,0,0,1,0,0,0,0
118.576522,35.183143,0,0,1,0,0,0,0
117.296002,36.787968,0,0,1,0,0,0,0
120.538296,35.897758,0,0,0,0,1,0,0
116.973029,36.40355,0,1,0,0,0,0,0
116.994408,36.44099,0,0,0,0,0,1,0
120.189417,35.972612,0,0,1,0,0,0,0
119.07377,36.600512,0,1,0,0,0,0,0
118.487537,34.879596,0,0,0,0,0,1,0
117.307731,36.347333,0,0,0,0,1,0,0
120.34345,36.153134,0,1,0,0,0,0,0
120.391045,36.040252,0,1,0,0,0,0,0
120.334438,36.27414,0,0,0,0,1,0,0
116.997437,36.874097,0,1,0,0,0,0,0
119.219546,36.795821,0,0,0,0,0,1,0
121.260494,37.592189,0,1,0,0,0,0,0
121.896523,37.323855,0,0,0,0,0,0,1
121.326094,37.443151,0,0,0,0,0,0,1
118.206894,35.036313,0,0,0,0,0,0,1
120.29419,36.187978,0,1,0,0,0,0,0
118.091042,36.730029,0,0,1,0,0,0,0
116.987366,36.686387,1,0,0,0,0,0,0
118.280585,35.101912,1,0,0,0,0,0,0
116.536059,35.778775,0,1,0,0,0,0,0
118.378196,37.024995,0,0,0,0,0,0,1
121.433227,37.499539,1,0,0,0,0,0,0
120.315026,36.175529,1,0,0,0,0,0,0
120.611946,36.145937,0,0,0,0,0,0,1
118.316836,35.187456,1,0,0,0,0,0,0
120.458577,35.969859,0,1,0,0,0,0,0
116.360245,35.462534,1,0,0,0,0,0,0
117.138286,36.747811,0,0,0,0,0,1,0
118.917076,36.840882,0,1,0,0,0,0,0
120.484115,36.136054,0,0,0,0,0,0,1
118.643929,35.227259,0,0,0,1,0,0,0
119.353906,36.732354,0,1,0,0,0,0,0
118.360448,35.118806,0,0,1,0,0,0,0
120.256504,36.179178,1,0,0,0,0,0,0
118.908632,37.016835,0,0,0,0,1,0,0
121.646606,37.45674,0,0,0,1,0,0,0
117.257031,36.249076,0,0,1,0,0,0,0
120.559785,36.123173,0,0,1,0,0,0,0
120.358645,36.066176,0,0,0,0,1,0,0
116.563043,35.461688,0,0,0,0,1,0,0
120.266923,35.957985,0,0,0,0,0,1,0
121.381643,37.268568,0,0,0,0,0,0,1
117.050141,36.341862,1,0,0,0,0,0,0
120.448623,36.123344,1,0,0,0,0,0,0
120.347282,36.198904,0,0,0,0,0,0,1
119.156776,36.980132,0,1,0,0,0,0,0
120.404702,36.081368,0,0,0,0,0,1,0
120.452393,36.172733,0,0,0,1,0,0,0
121.916424,37.521467,0,0,0,0,0,0,1
121.531301,37.238474,1,0,0,0,0,0,0
121.549775,37.467939,0,0,1,0,0,0,0
120.513278,36.176124,0,0,1,0,0,0,0
121.435406,37.381,0,0,0,1,0,0,0
120.579332,36.158344,0,0,1,0,0,0,0
118.952634,36.803347,0,0,0,0,0,0,1
120.432026,35.962085,1,0,0,0,0,0,0
116.930786,36.517268,1,0,0,0,0,0,0
117.138936,36.870733,0,0,1,0,0,0,0
120.260099,36.049318,0,0,0,0,0,1,0
121.340472,37.590251,1,0,0,0,0,0,0
119.003899,36.682833,0,0,0,0,0,1,0
120.406642,36.099589,0,1,0,0,0,0,0
121.305887,37.598156,0,0,1,0,0,0,0
118.962059,36.167159,0,1,0,0,0,0,0
117.213678,36.54737,0,0,0,0,0,1,0
121.64987,37.591459,0,0,0,0,0,0,1
116.155535,37.199477,0,0,0,0,1,0,0
119.404722,36.515386,0,0,0,0,0,1,0
118.332293,35.015994,0,0,1,0,0,0,0
121.527551,37.541227,0,1,0,0,0,0,0
120.28987,36.108768,0,0,0,0,1,0,0
120.42633,35.985684,0,0,0,0,1,0,0
117.251856,36.273251,0,0,0,0,0,1,0
118.092333,35.066111,0,0,0,0,0,0,1
119.260945,36.811504,1,0,0,0,0,0,0
121.394529,37.344443,0,0,0,0,0,0,1
117.178578,36.726732,0,1,0,0,0,0,0
120.449986,36.076717,0,0,0,0,1,0,0
117.165206,36.09192,0,0,0,0,0,1,0
119.353027,36.839352,0,0,0,0,1,0,0
116.333049,35.219536,0,0,0,0,1,0,0
117.159001,36.626465,0,0,0,0,0,1,0
116.577486,35.532855,0,0,0,0,1,0,0
121.339302,37.33411,0,0,0,0,0,1,0
119.077108,36.606912,0,1,0,0,0,0,0
118.00392,36.68645,1,0,0,0,0,0,0
118.453291,35.249099,0,0,0,1,0,0,0
120.316573,36.051438,0,0,0,0,0,1,0
120.47622,36.098294,0,0,0,1,0,0,0
116.997696,36.800635,0,0,1,0,0,0,0
120.462894,36.181275,0,1,0,0,0,0,0
117.086766,36.803453,0,0,0,0,1,0,0
121.772796,37.394732,0,0,0,0,0,0,1
120.307939,36.064601,0,0,0,0,0,0,1
120.496543,36.102375,0,0,1,0,0,0,0
121.582191,37.552347,0,0,0,1,0,0,0
116.831743,36.679271,0,0,0,0,0,1,0
118.358177,35.130141,1,0,0,0,0,0,0
121.635168,37.305882,0,0,0,0,0,0,1
121.501209,37.484707,0,0,0,0,1,0,0
120.34751,36.092387,0,0,0,0,1,0,0
121.183805,37.383393,0,0,0,0,1,0,0
118.681905,35.405409,0,0,0,1,0,0,0
120.511743,36.094622,0,0,1,0,0,0,0
116.651175,35.607979,0,0,0,0,1,0,0
117.33603,36.723574,0,0,0,0,0,0,1
121.253928,37.526297,0,0,0,0,1,0,0
117.232611,36.618732,0,0,0,1,0,0,0
116.2937,37.300494,0,0,1,0,0,0,0
121.277902,37.460135,0,0,0,0,1,0,0
120.422911,36.017422,0,0,0,0,0,1,0
117.017299,36.730093,0,0,0,0,0,1,0
116.926202,36.029854,0,0,1,0,0,0,0
122.191471,37.211622,0,0,0,0,1,0,0
120.492959,36.141503,0,0,0,0,1,0,0
118.138657,34.900419,0,1,0,0,0,0,0
118.072316,37.04307,0,0,0,0,0,1,0
117.241841,36.684401,0,1,0,0,0,0,0
121.505186,37.642851,0,0,0,0,1,0,0
117.289676,35.996219,1,0,0,0,0,0,0
118.158883,35.08611,0,0,0,0,0,1,0
121.266958,37.431404,0,0,0,0,0,1,0
118.282213,35.043466,0,1,0,0,0,0,0
120.312941,36.332502,0,0,1,0,0,0,0
121.26059,37.495559,0,0,0,0,0,0,1
116.53653,35.630904,0,0,0,0,1,0,0
120.567701,36.08225,0,0,0,0,0,0,1
118.025706,36.956192,0,0,0,0,0,1,0
117.302871,36.576,0,0,0,0,0,1,0
121.510004,37.651431,0,0,0,0,1,0,0
118.506688,35.278203,0,0,0,0,1,0,0
120.590542,36.173283,0,1,0,0,0,0,0
118.519072,35.163665,0,0,0,0,0,1,0
121.419291,37.395834,0,0,0,0,1,0,0
116.83717,36.240864,0,0,0,0,0,0,1
117.283998,36.324611,0,0,0,0,1,0,0
116.797521,36.367607,1,0,0,0,0,0,0
116.125411,37.597443,0,0,0,0,0,1,0
122.4568,37.351365,1,0,0,0,0,0,0
120.20101,35.96699,0,0,1,0,0,0,0
120.509333,36.096647,0,0,0,1,0,0,0
117.228073,36.35774,0,0,1,0,0,0,0
120.429677,36.143933,0,0,0,1,0,0,0
118.357461,35.083726,0,0,1,0,0,0,0
116.330663,35.300951,0,1,0,0,0,0,0
119.057336,36.587613,0,0,0,1,0,0,0
121.647279,37.588109,0,1,0,0,0,0,0
115.859101,37.525573,1,0,0,0,0,0,0
120.399637,36.27194,0,0,1,0,0,0,0
120.381856,36.090268,0,0,0,0,0,1,0
120.397189,36.253123,0,0,0,1,0,0,0
120.286519,36.17138,0,0,0,0,0,1,0
121.931086,37.543531,0,0,0,0,1,0,0
120.318737,35.894324,0,0,0,0,0,0,1
119.104621,36.616145,0,1,0,0,0,0,0
118.130696,34.95071,0,0,0,0,1,0,0
121.436368,37.41216,0,0,0,0,1,0,0
117.264834,36.403923,0,1,0,0,0,0,0
119.246328,36.827864,0,0,0,0,1,0,0
121.351512,37.252199,0,0,0,1,0,0,0
116.867145,36.653394,0,0,0,1,0,0,0
116.965731,36.761381,0,0,0,0,1,0,0
121.539213,37.242656,0,0,0,1,0,0,0
120.454526,36.106543,1,0,0,0,0,0,0
117.092785,36.712097,1,0,0,0,0,0,0
116.919793,36.799834,0,0,0,0,0,0,1
120.469074,36.036377,0,0,0,1,0,0,0
120.324028,35.970925,0,0,0,0,1,0,0
117.16617,36.61585,0,0,0,0,1,0,0
120.577732,36.304306,0,0,0,0,0,0,1
117.237881,36.68676,0,0,0,0,0,1,0
118.22391,35.181852,0,1,0,0,0,0,0
120.338805,36.171307,0,0,0,0,0,1,0
119.471294,36.581653,0,1,0,0,0,0,0
120.405485,36.120696,0,0,0,0,1,0,0
118.446014,35.023913,1,0,0,0,0,0,0
121.464378,37.57677,0,0,0,0,0,0,1
116.927535,35.828742,0,1,0,0,0,0,0
118.043859,36.669356,0,0,0,0,1,0,0
117.302171,36.182874,0,0,0,1,0,0,0
120.61036,36.196244,0,0,0,0,0,1,0
116.958858,36.069852,0,0,0,1,0,0,0
117.008844,36.83666,0,0,0,1,0,0,0
116.515145,35.57607,0,1,0,0,0,0,0
120.43458,36.218905,0,1,0,0,0,0,0
117.97679,37.075217,0,0,0,0,0,0,1
121.600575,37.526436,0,0,0,1,0,0,0
119.241785,36.801575,0,1,0,0,0,0,0
120.480524,36.157316,0,0,1,0,0,0,0
117.106753,36.580125,0,0,1,0,0,0,0
120.361978,36.087808,1,0,0,0,0,0,0
120.396215,35.94512,0,0,0,0,1,0,0
120.440107,36.315952,0,0,1,0,0,0,0
120.493569,36.040786,0,0,0,0,0,0,1
120.243018,36.135659,0,0,1,0,0,0,0
120.267529,36.095781,1,0,0,0,0,0,0
118.01109,36.532171,0,0,1,0,0,0,0
116.964283,36.334123,0,0,0,0,1,0,0
118.059616,36.788025,0,0,0,0,1,0,0
121.96305,37.42715,0,1,0,0,0,0,0
120.400692,36.234076,0,1,0,0,0,0,0
121.32362,37.280165,0,0,1,0,0,0,0
116.319401,35.436988,0,0,0,0,0,1,0
120.36296,35.99146,0,0,0,0,1,0,0
116.530093,37.399944,0,0,0,0,0,0,1
118.301819,36.732822,0,0,0,0,0,0,1
117.249569,36.820237,1,0,0,0,0,0,0
118.552377,35.121056,0,0,1,0,0,0,0
116.909646,36.421532,0,0,0,1,0,0,0
118.559009,35.129615,0,0,0,1,0,0,0
117.010922,36.649358,0,0,1,0,0,0,0
117.202243,36.476648,0,0,0,0,0,0,1
119.174968,36.934654,0,0,1,0,0,0,0
118.042533,36.991032,0,0,1,0,0,0,0
121.997597,37.550668,0,0,0,0,0,1,0
120.306286,35.927581,0,0,0,0,0,1,0
116.275894,37.422646,0,0,0,1,0,0,0
120.352289,36.094166,1,0,0,0,0,0,0
118.631087,35.263628,0,0,0,0,0,1,0
116.284215,35.284287,1,0,0,0,0,0,0
117.200531,36.140189,0,0,0,0,0,0,1
118.246543,35.058313,1,0,0,0,0,0,0
118.324762,35.306758,0,0,0,0,0,1,0
117.230902,36.617329,0,1,0,0,0,0,0
119.165929,36.459822,0,0,0,1,0,0,0
117.020322,36.418028,0,0,0,0,1,0,0
117.780282,37.054102,0,0,1,0,0,0,0
120.373044,35.928776,0,0,0,0,0,1,0
116.133454,35.415478,1,0,0,0,0,0,0
117.127458,36.725302,0,0,0,0,1,0,0
116.124808,37.472669,0,0,0,1,0,0,0
121.358387,37.268869,1,0,0,0,0,0,0
116.552567,35.539023,1,0,0,0,0,0,0
117.246225,36.85199,0,0,0,0,0,1,0
120.311687,36.165683,1,0,0,0,0,0,0
117.073883,36.793464,0,0,1,0,0,0,0
117.248085,36.747499,0,0,0,0,1,0,0
119.131428,36.732663,0,0,1,0,0,0,0
118.932442,36.552159,0,0,0,0,0,0,1
120.358679,36.200875,1,0,0,0,0,0,0
116.097365,35.225092,0,1,0,0,0,0,0
119.23817,36.849568,0,1,0,0,0,0,0
120.377946,36.161009,0,1,0,0,0,0,0
121.30007,37.554093,1,0,0,0,0,0,0
120.534478,36.050364,0,0,0,1,0,0,0
119.187883,36.7842,0,0,1,0,0,0,0
116.908145,36.833784,0,0,0,1,0,0,0
117.986905,36.955381,0,0,0,0,0,0,1
117.926729,36.631267,0,0,1,0,0,0,0
120.447751,36.083436,0,0,1,0,0,0,0
120.314067,36.157534,0,0,0,0,0,1,0
118.153517,35.121987,0,1,0,0,0,0,0
120.351205,36.277608,0,0,1,0,0,0,0
116.948593,36.596752,0,0,0,0,1,0,0
120.387009,36.081998,0,0,0,0,0,1,0
121.411696,37.313153,0,0,1,0,0,0,0
118.364049,36.959585,0,0,0,0,0,0,1
121.238612,37.471835,0,1,0,0,0,0,0
120.443853,36.191652,0,0,0,1,0,0,0
117.280878,36.660642,0,0,0,1,0,0,0
119.448726,36.563159,0,0,0,1,0,0,0
119.200573,36.566381,0,0,0,0,0,0,1
119.118775,36.661039,0,0,0,0,0,0,1
120.353623,36.053354,0,0,0,0,1,0,0
117.330721,36.648328,0,0,0,1,0,0,0
117.201986,36.727584,0,0,0,0,0,1,0
121.279935,37.3745,0,0,0,1,0,0,0
120.237606,36.139915,0,0,0,0,0,1,0
121.434878,37.498933,1,0,0,0,0,0,0
120.421628,36.08493,0,0,0,0,0,0,1
121.500661,37.639098,0,0,0,1,0,0,0
117.094326,36.518698,1,0,0,0,0,0,0
120.402685,36.059259,0,0,0,0,0,0,1
120.523135,36.219031,0,0,0,0,0,1,0
120.41143,36.157762,0,0,0,0,1,0,0
121.189854,37.535073,0,0,0,0,0,1,0
120.316864,36.023042,1,0,0,0,0,0,0
121.55959,37.473847,0,0,1,0,0,0,0
117.183697,36.605091,0,0,1,0,0,0,0
120.496877,36.203047,0,0,0,1,0,0,0
119.023926,36.547073,0,0,0,0,1,0,0
120.454597,36.166478,0,0,0,1,0,0,0
119.259951,36.48196,0,0,1,0,0,0,0
116.867647,36.06098,0,0,1,0,0,0,0
117.09087,36.753669,0,0,0,0,0,1,0
116.977074,36.791597,0,0,0,0,1,0,0
120.440234,36.235869,0,0,0,0,0,1,0
117.187844,36.156254,0,1,0,0,0,0,0
121.537948,37.572844,0,0,0,1,0,0,0
119.423931,36.417751,0,0,0,1,0,0,0
117.264936,36.339116,0,0,0,0,1,0,0
118.206124,35.210745,0,0,0,0,0,1,0
117.990052,36.824153,1,0,0,0,0,0,0
116.596091,35.46032,0,1,0,0,0,0,0
119.249313,36.866556,0,0,0,0,0,1,0
116.387305,35.423658,0,0,0,0,1,0,0
117.162183,36.412563,0,0,1,0,0,0,0
119.173871,36.442434,0,0,0,1,0,0,0
119.236574,36.707727,0,0,0,0,0,0,1
118.367803,35.436287,1,0,0,0,0,0,0
121.291373,37.698887,0,0,0,1,0,0,0
118.294023,37.030519,0,1,0,0,0,0,0
117.925269,36.73521,0,0,0,0,0,1,0
118.963106,36.809077,0,0,0,0,0,0,1
120.393777,36.138926,0,0,1,0,0,0,0
119.082633,36.656956,0,0,0,0,0,1,0
120.162979,35.996322,0,0,0,0,1,0,0
116.267644,37.384486,0,0,0,0,0,0,1
118.302297,37.065843,0,1,0,0,0,0,0
117.075012,36.764922,0,0,0,0,0,0,1
118.153197,35.124051,0,0,1,0,0,0,0
118.317861,35.154938,0,0,0,0,0,0,1
117.266098,36.319054,0,0,1,0,0,0,0
118.489141,34.987383,0,0,0,1,0,0,0
120.556908,36.107895,0,0,0,0,0,1,0
117.316914,36.635385,0,0,0,0,0,1,0
120.498418,36.15313,0,1,0,0,0,0,0
122.222845,37.328942,0,0,1,0,0,0,0
117.942976,37.011519,0,0,0,0,1,0,0
118.14821,36.465066,0,0,0,0,0,0,1
117.319865,36.813492,0,0,0,1,0,0,0
117.195388,36.634759,0,0,0,1,0,0,0
117.212104,36.645445,0,0,0,0,0,1,0
117.199549,36.101387,0,0,0,0,0,0,1
120.234478,36.261233,0,1,0,0,0,0,0
116.962539,36.510086,0,0,0,0,0,0,1
120.297152,35.975946,1,0,0,0,0,0,0
120.502864,36.168342,0,0,0,0,1,0,0
118.609098,35.124543,0,0,0,0,0,0,1
117.25892,36.504259,0,0,0,1,0,0,0
116.952933,36.822017,1,0,0,0,0,0,0
117.04173,36.757277,0,0,0,1,0,0,0
116.451772,37.646635,1,0,0,0,0,0,0
119.238818,36.840182,0,1,0,0,0,0,0
118.458464,35.24432,0,0,0,0,0,1,0
117.283268,36.828314,0,0,1,0,0,0,0
120.494021,36.169332,0,0,0,0,1,0,0
116.501045,35.808187,1,0,0,0,0,0,0
117.981999,36.696811,0,0,0,0,1,0,0
119.222341,36.86034,0,0,0,0,0,1,0
117.400256,36.461608,0,0,0,1,0,0,0
120.392413,36.247563,1,0,0,0,0,0,0
119.628785,36.646707,0,0,1,0,0,0,0
117.237621,36.530739,0,0,1,0,0,0,0
119.24657,36.872223,0,0,0,0,0,0,1
117.101319,36.657806,0,1,0,0,0,0,0
117.350679,36.761611,0,0,0,0,1,0,0
120.34471,35.939184,0,0,0,1,0,0,0
118.535157,35.208391,0,0,0,0,1,0,0
120.419534,36.125561,0,1,0,0,0,0,0
119.181586,36.48151,0,0,0,0,0,1,0
117.049431,36.45512,0,0,0,0,0,0,1
120.392313,36.332468,1,0,0,0,0,0,0
121.352564,37.388283,0,0,0,0,0,1,0
118.374249,35.13296,0,1,0,0,0,0,0
118.566657,35.449249,0,0,0,0,1,0,0
121.505736,37.365146,0,0,1,0,0,0,0
117.142749,36.561321,1,0,0,0,0,0,0
120.529741,36.166879,0,0,0,0,1,0,0
118.171475,35.114783,1,0,0,0,0,0,0
121.321055,37.411514,0,0,1,0,0,0,0
117.120644,36.659957,0,0,0,0,0,0,1
118.067976,37.013294,0,0,0,1,0,0,0
117.282442,36.605395,1,0,0,0,0,0,0
119.387724,36.577196,0,0,0,1,0,0,0
120.386856,36.327697,0,0,1,0,0,0,0
120.469683,36.150621,0,0,0,0,1,0,0
118.470287,35.147102,0,0,0,0,1,0,0
116.374122,37.441397,0,0,0,1,0,0,0
118.083179,36.672328,1,0,0,0,0,0,0
119.269303,36.717862,0,0,0,0,1,0,0
120.728646,36.043707,0,0,0,0,0,0,1
120.52148,36.006223,0,1,0,0,0,0,0
120.404473,36.096149,0,0,0,0,1,0,0
120.493703,35.932002,0,0,1,0,0,0,0
116.971485,36.442635,0,0,0,0,0,1,0
120.463802,36.379673,0,0,0,1,0,0,0
118.663603,35.309208,0,0,0,0,0,0,1
121.409324,37.331094,0,0,0,0,0,1,0
117.183063,36.712334,0,0,0,0,0,0,1
120.354379,36.085639,0,0,0,0,0,1,0
120.433186,35.957734,0,0,0,0,0,1,0
120.314671,36.126551,0,1,0,0,0,0,0
117.129715,36.603267,1,0,0,0,0,0,0
120.284592,36.126837,0,0,0,0,1,0,0
120.398403,35.996443,0,0,0,1,0,0,0
120.427145,36.145285,0,0,0,0,0,1,0
120.346248,35.974701,0,1,0,0,0,0,0
118.026001,36.885502,0,1,0,0,0,0,0
120.410775,36.049306,0,0,0,1,0,0,0
117.857224,36.744219,1,0,0,0,0,0,0
121.481637,37.392214,1,0,0,0,0,0,0
117.140414,36.572582,0,1,0,0,0,0,0
117.892752,36.993608,0,0,0,0,0,1,0
116.853214,36.508926,1,0,0,0,0,0,0
117.398857,36.789031,0,0,0,1,0,0,0
118.340617,37.001237,0,0,0,0,0,0,1
120.49163,36.134684,0,1,0,0,0,0,0
116.831394,36.31727,0,0,0,1,0,0,0
117.086089,36.591226,0,1,0,0,0,0,0
117.059513,36.39098,0,1,0,0,0,0,0
117.044199,36.598395,0,0,1,0,0,0,0
121.582517,37.354294,1,0,0,0,0,0,0
120.427832,36.155865,0,0,0,0,0,0,1
118.966176,36.501605,0,0,0,0,0,0,1
116.957531,36.818935,0,0,0,1,0,0,0
118.810668,36.74646,0,0,0,0,1,0,0
120.381485,36.128008,0,0,0,0,1,0,0
120.522139,35.999452,1,0,0,0,0,0,0
117.90211,36.847713,0,0,0,0,1,0,0
116.391581,37.447689,0,0,0,0,0,1,0
120.211373,36.068026,0,0,0,0,0,1,0
117.21974,36.667747,0,0,0,0,0,0,1
115.961316,37.751776,0,0,0,0,0,0,1
120.391812,36.192394,0,0,0,0,0,1,0
118.395563,35.090458,0,0,0,0,0,1,0
120.333989,36.082383,0,1,0,0,0,0,0
118.230384,36.395215,0,0,0,0,1,0,0
120.341011,36.107827,0,1,0,0,0,0,0
119.343358,36.735286,0,0,1,0,0,0,0
117.11736,36.290826,0,0,0,0,0,1,0
120.44955,35.914713,1,0,0,0,0,0,0
116.853844,36.508182,0,0,0,0,0,0,1
116.989643,36.648042,1,0,0,0,0,0,0
120.478171,36.069404,1,0,0,0,0,0,0
120.264207,36.350215,0,0,0,0,0,1,0
122.246541,37.074272,0,0,0,0,0,1,0
120.350276,35.981347,0,0,0,0,1,0,0
116.625609,35.638602,0,1,0,0,0,0,0
120.376042,36.022106,0,1,0,0,0,0,0
120.643401,36.095909,1,0,0,0,0,0,0
120.308825,36.270665,0,0,0,0,1,0,0
120.169141,36.011167,0,1,0,0,0,0,0
120.465909,36.148558,0,0,1,0,0,0,0
120.416821,36.076773,0,0,0,0,0,1,0
118.343961,34.96665,1,0,0,0,0,0,0
120.384536,36.142685,0,0,1,0,0,0,0
121.373676,37.515238,0,0,0,1,0,0,0
121.315736,37.60278,1,0,0,0,0,0,0
118.115769,36.599788,0,0,0,0,0,0,1
118.395406,35.16357,0,0,0,0,0,0,1
117.229277,36.683685,1,0,0,0,0,0,0
117.186588,36.789063,0,0,0,0,0,1,0
117.48257,36.53171,0,0,1,0,0,0,0
119.023513,36.592187,1,0,0,0,0,0,0
121.335639,37.300008,0,0,0,1,0,0,0
120.438994,36.145522,0,1,0,0,0,0,0
121.127284,37.355347,0,0,0,0,1,0,0
120.369936,36.177425,1,0,0,0,0,0,0
120.273833,36.069539,1,0,0,0,0,0,0
120.309385,36.141916,0,0,0,0,0,1,0
118.291023,35.119062,0,1,0,0,0,0,0
120.37369,36.145146,0,0,0,0,0,0,1
117.155567,36.515781,0,0,0,0,0,1,0
120.322209,36.028184,0,0,1,0,0,0,0
116.959044,36.341929,0,0,1,0,0,0,0
119.306151,36.913414,1,0,0,0,0,0,0
117.02406,36.815317,0,0,0,0,0,0,1
118.87285,36.61114,0,0,0,0,0,0,1
119.400574,36.660238,0,0,0,1,0,0,0
119.174496,36.846779,0,0,0,1,0,0,0
117.043189,35.999401,0,0,0,0,1,0,0
117.956069,36.60411,1,0,0,0,0,0,0
120.399947,36.168784,1,0,0,0,0,0,0
121.616008,37.458935,0,0,0,0,0,0,1
118.425051,35.003436,0,0,0,0,0,1,0
117.248621,36.273345,0,0,0,1,0,0,0
119.282667,36.560615,0,0,0,0,0,0,1
117.064104,36.49262,0,0,0,0,0,0,1
121.379977,37.514976,0,0,0,0,1,0,0
119.234087,36.696387,1,0,0,0,0,0,0
119.268136,36.790371,0,0,0,0,1,0,0
117.188642,36.106365,0,0,0,0,0,1,0
121.421386,37.444328,0,0,1,0,0,0,0
121.284747,37.315499,0,0,0,1,0,0,0
117.21782,36.589634,0,1,0,0,0,0,0
117.011836,36.687153,0,0,1,0,0,0,0
117.170104,36.561519,0,0,1,0,0,0,0
118.225694,36.615848,0,0,0,0,0,0,1
120.332962,36.261999,0,0,0,0,0,0,1
118.039585,36.996368,0,0,0,0,0,1,0
116.832058,36.780878,0,0,0,1,0,0,0
117.960579,36.809388,0,0,1,0,0,0,0
118.133882,35.269105,0,0,0,0,1,0,0
117.202694,36.222882,0,0,0,0,0,0,1
120.408681,36.114402,1,0,0,0,0,0,0
117.049811,36.066893,0,0,0,0,0,0,1
121.179348,37.67856,0,0,0,0,0,1,0
116.990431,36.805007,0,1,0,0,0,0,0
121.902547,37.552671,0,0,1,0,0,0,0
120.515475,36.002893,0,0,0,0,0,1,0
117.165242,36.677649,0,0,0,0,0,0,1
119.470337,36.643491,0,0,0,0,0,1,0
120.423423,36.245096,0,0,0,0,1,0,0
117.166488,36.435138,1,0,0,0,0,0,0
121.5171,37.540156,0,0,0,0,0,0,1
117.117422,36.923131,0,0,1,0,0,0,0
118.330314,34.985894,0,0,0,1,0,0,0
117.944621,36.849833,0,0,1,0,0,0,0
118.435202,34.96641,1,0,0,0,0,0,0
117.486071,36.668673,0,0,0,0,0,0,1
120.30203,35.995698,0,0,1,0,0,0,0
118.218828,35.126738,0,0,1,0,0,0,0
118.442988,35.014984,0,0,0,0,0,1,0
122.060056,37.421723,0,0,0,0,1,0,0
117.856812,36.670431,0,0,0,0,0,1,0
117.283342,36.696133,0,0,1,0,0,0,0
120.297982,36.153759,1,0,0,0,0,0,0
119.456598,36.702799,0,0,1,0,0,0,0
116.624018,35.622413,0,0,0,0,0,0,1
121.587314,37.418726,0,0,1,0,0,0,0
118.251008,36.522826,0,1,0,0,0,0,0
120.222836,36.135219,0,0,0,0,0,1,0
118.070193,36.710065,0,0,0,0,0,1,0
117.018908,36.099088,0,1,0,0,0,0,0
116.484228,35.694856,0,0,1,0,0,0,0
120.288539,36.048041,1,0,0,0,0,0,0
121.588296,37.321142,0,0,0,0,1,0,0
117.247942,36.56438,0,0,0,0,0,0,1
118.200456,35.079365,0,0,0,0,0,0,1
118.136085,36.906467,0,0,0,1,0,0,0
116.745573,37.110292,0,1,0,0,0,0,0
120.34724,35.935499,0,0,0,1,0,0,0
120.470843,36.097944,1,0,0,0,0,0,0
117.086326,36.904332,0,1,0,0,0,0,0
119.315038,36.947952,0,0,0,0,0,0,1
116.972006,36.539292,0,0,0,1,0,0,0
121.439368,37.472973,0,0,0,0,1,0,0
120.372664,36.117263,0,0,1,0,0,0,0
116.556776,35.411553,1,0,0,0,0,0,0
118.364564,35.356214,0,0,1,0,0,0,0
120.478944,36.176373,0,0,1,0,0,0,0
120.422088,36.029956,0,0,1,0,0,0,0
121.27019,37.447342,0,0,0,1,0,0,0
117.250592,36.197462,0,0,0,1,0,0,0
120.4762,36.330472,0,0,0,0,0,0,1
117.10256,36.484043,0,1,0,0,0,0,0
117.061191,36.429206,0,0,0,1,0,0,0
117.081497,36.419625,1,0,0,0,0,0,0
119.235438,36.735219,0,0,0,0,0,0,1
117.067494,36.534892,0,0,0,1,0,0,0
117.117478,36.887757,0,1,0,0,0,0,0
118.270224,35.011241,0,0,0,0,0,1,0
116.927318,36.645102,0,0,0,0,0,1,0
117.153216,36.61235,0,0,0,0,0,1,0
119.105124,36.987035,0,0,0,1,0,0,0
120.408686,36.179476,0,0,0,0,1,0,0
120.174766,36.039792,0,0,0,0,0,1,0
122.121075,37.528086,0,0,0,0,0,1,0
117.26186,36.786967,0,0,0,1,0,0,0
117.262713,36.759875,0,0,0,0,0,1,0
121.571761,37.453964,1,0,0,0,0,0,0
117.139323,36.705336,0,0,1,0,0,0,0
120.337637,36.010807,1,0,0,0,0,0,0
117.123436,36.627126,0,0,0,0,0,0,1
117.045994,36.570177,0,0,0,1,0,0,0
120.357379,36.146268,0,0,0,1,0,0,0
118.138071,36.582375,0,0,0,0,0,0,1
120.492778,36.224307,0,0,0,0,0,0,1
120.268933,36.172516,0,0,0,0,0,0,1
118.95878,36.795832,0,0,0,0,0,0,1
120.533832,36.132565,0,0,0,0,0,0,1
121.578586,37.364549,1,0,0,0,0,0,0
120.323096,36.248828,0,0,0,0,0,1,0
119.15207,36.456055,0,1,0,0,0,0,0
122.048595,37.37316,0,0,0,0,1,0,0
118.237243,34.994885,0,0,0,0,0,1,0
120.299422,36.229039,0,0,0,1,0,0,0
117.257711,36.407991,0,0,0,0,1,0,0
117.07044,36.605853,0,0,0,0,0,0,1
121.362553,37.473284,0,0,0,0,0,0,1
117.15553,36.868059,0,0,0,1,0,0,0
118.225338,36.907688,0,0,0,0,1,0,0
121.556642,37.341167,1,0,0,0,0,0,0
116.303471,37.425703,0,0,0,1,0,0,0
121.451304,37.469908,1,0,0,0,0,0,0
116.852219,36.104091,0,0,0,1,0,0,0
120.261473,36.14139,0,0,0,0,1,0,0
119.130731,36.563793,0,0,0,1,0,0,0
117.127027,36.571017,0,0,1,0,0,0,0
120.264669,35.971657,0,0,0,0,1,0,0
119.147828,36.665723,0,1,0,0,0,0,0
121.563146,37.245581,0,0,0,1,0,0,0
117.05201,36.612095,0,0,0,0,0,0,1
120.21635,36.151712,0,0,0,0,0,1,0
120.385814,36.074386,0,0,0,0,0,1,0
117.810375,36.662443,0,0,0,1,0,0,0
121.30149,37.37507,0,0,0,1,0,0,0
117.10585,36.49293,0,0,0,1,0,0,0
117.857548,36.841022,0,1,0,0,0,0,0
118.498455,35.371007,1,0,0,0,0,0,0
120.217359,35.982954,0,0,0,0,1,0,0
116.879037,36.320014,0,0,0,0,0,1,0
116.524237,35.845449,0,0,1,0,0,0,0
121.558839,37.587467,0,0,0,0,0,1,0
116.751701,36.175908,0,0,0,0,1,0,0
117.96577,36.427849,0,0,0,0,0,1,0
120.424075,36.25848,0,0,0,0,0,1,0
120.252192,35.855943,0,0,0,0,0,1,0
118.296025,34.847888,0,0,0,0,1,0,0
121.250309,37.374078,0,0,0,1,0,0,0
118.518088,34.987872,0,0,0,0,0,0,1
121.525818,37.476673,0,0,0,1,0,0,0
117.076311,36.587974,0,0,0,0,0,0,1
117.348063,36.763161,0,1,0,0,0,0,0
117.276338,36.500662,0,0,0,0,0,0,1
120.32465,36.025993,0,0,0,0,1,0,0
118.50458,35.039542,0,0,0,0,0,0,1
117.119583,36.864877,0,0,0,0,0,0,1
117.946134,36.862145,0,0,0,0,0,1,0
118.201774,34.895388,0,0,0,0,1,0,0
116.6772,35.672537,0,1,0,0,0,0,0
120.451147,36.241245,0,1,0,0,0,0,0
122.119046,37.426076,1,0,0,0,0,0,0
121.378706,37.442955,0,0,0,0,1,0,0
118.253964,36.82592,0,1,0,0,0,0,0
117.291282,36.588161,0,0,0,0,0,0,1
121.929372,37.340369,0,0,0,1,0,0,0
116.525978,35.397484,0,0,0,0,0,1,0
120.396388,36.167829,1,0,0,0,0,0,0
116.701485,35.594831,0,0,0,1,0,0,0
117.138681,36.765387,0,0,1,0,0,0,0
120.318178,36.341116,0,0,0,0,1,0,0
119.460372,36.706193,0,0,0,0,0,1,0
117.047074,36.537206,0,0,0,0,0,1,0
118.869643,36.433689,0,0,0,0,0,1,0
116.858735,36.414957,1,0,0,0,0,0,0
120.30548,36.084819,0,0,0,0,1,0,0
117.842218,37.038307,0,0,0,1,0,0,0
120.423466,36.127432,0,0,0,0,0,0,1
119.221167,36.715213,0,0,0,0,0,1,0
118.418545,35.347001,0,0,0,0,0,0,1
116.909259,36.618734,0,0,0,0,0,1,0
116.694025,35.57099,0,0,1,0,0,0,0
117.19976,36.708913,0,0,1,0,0,0,0
119.059869,36.660316,0,0,1,0,0,0,0
121.306414,37.517671,0,0,1,0,0,0,0
117.040943,36.516498,0,0,0,0,0,1,0
117.197481,36.562562,0,0,0,0,1,0,0
117.148462,36.554588,1,0,0,0,0,0,0
120.472225,36.061649,0,0,0,0,0,0,1
118.167801,35.1423,0,1,0,0,0,0,0
120.328414,36.042442,0,0,0,0,0,0,1
117.802837,36.472817,1,0,0,0,0,0,0
119.085154,36.684672,1,0,0,0,0,0,0
119.003847,36.83692,1,0,0,0,0,0,0
120.382113,35.888955,0,0,1,0,0,0,0
120.54638,35.996084,0,1,0,0,0,0,0
120.419061,36.291779,0,1,0,0,0,0,0
117.034903,36.510651,1,0,0,0,0,0,0
118.565198,36.59108,0,0,0,1,0,0,0
118.576766,35.216077,0,0,1,0,0,0,0
117.096506,36.510079,0,0,1,0,0,0,0
120.349729,36.040862,0,0,1,0,0,0,0
119.275613,36.63034,0,0,0,1,0,0,0
120.301558,35.975675,0,1,0,0,0,0,0
119.070405,36.817463,0,0,0,1,0,0,0
120.316536,36.267062,0,0,0,0,0,1,0
116.291989,35.543413,0,1,0,0,0,0,0
