地点名称,类型,经度,纬度,mean,count
0533乔氏台球会所,体育场馆,118.052345,36.805821,5.204,20
0533羽毛球馆,体育场馆,118.07868,36.838265,5.309,33
1+健身,体育场馆,118.331682,36.816494,4.901,21
618战备电台旧址,旅游景点,118.001624,36.229969,5.402,27
7+健身·普拉提工作室,体育场馆,117.993385,36.822541,5.443,22
816私教健身俱乐部(福园店),体育场馆,118.02634,36.8065,5.823,29
85台球俱乐部,体育场馆,118.050951,36.820277,5.303,36
AS Fitness健身馆,体育场馆,118.055871,36.841907,5.568,15
DH健身,体育场馆,118.062042,36.810552,5.5,33
FlowPace(鼎成店),体育场馆,117.993628,36.822947,5.516,23
K+桌球俱乐部(淄博鑫马吾悦广场店),体育场馆,118.003242,36.825405,5.433,17
Mr.Sun凉皮铺子(天隆购物广场店),餐饮,117.861202,36.503338,5.86,28
SM广场,商场,117.962256,36.643708,4.951,15
SOS台球俱乐部,体育场馆,118.029034,36.80782,5.542,28
TK彤德捞时尚火锅(星河街店),餐饮,117.989331,36.799807,5.855,27
TOP-1私教健身(东岳店),体育场馆,118.076828,36.948274,5.137,37
TT台球俱乐部,体育场馆,117.97484,36.639349,5.495,23
TULIPS MAPLE(齐园绿城店),商场,118.288425,36.809494,5.393,31
Top台球俱乐部(奥朗特购物广场店),体育场馆,118.012654,36.810435,5.699,29
V8乔氏台球,体育场馆,118.042351,36.815814,5.092,13
WIN体能私教工作室,体育场馆,118.032,36.810034,5.124,21
XIK酷点台球俱乐部,体育场馆,118.104709,36.958861,5.609,32
lv台球器材店,体育场馆,118.023503,36.793153,5.328,30
一家亲海鲜酒店(王舍路店),餐饮,118.013831,36.791466,5.325,24
七夕广场,公园,117.977751,36.789213,5.686,22
万兴阁,餐饮,118.321477,36.816893,5.353,23
万杰国际大酒店,餐饮,117.854192,36.541102,5.432,24
万杰朝阳学校,学校,117.852329,36.544411,5.612,25
万海格斗,体育场馆,118.060994,36.807167,4.804,25
万益农业生态观光园,公园,118.149011,36.531756,5.427,27
万通商城,商场,118.050558,36.803583,5.604,26
万隆台球,体育场馆,117.969942,36.837366,5.718,23
万隆大楼,商场,117.849813,36.79747,5.708,26
三台山旅游风景区,旅游景点,117.87812,36.606249,5.411,29
三官庙,旅游景点,118.192014,36.453194,5.401,18
三玉文化广场,公园,118.075151,36.869877,5.442,30
三玉炒鸡,餐饮,118.075633,36.873203,5.547,23
上地广场,商场,118.295909,36.813781,5.393,32
上海商厦,商场,117.956126,36.642076,5.712,23
下湖村文化广场,公园,118.124776,36.787054,5.901,26
世博高新医院,医院,118.105384,36.829265,5.721,17
世博高新医院营养中心,医院,118.105384,36.829265,5.648,20
世纪东方购物中心,商场,118.162663,36.185787,5.515,24
世纪广场,公园,117.865179,36.505887,5.247,23
世纪篮球俱乐部(金筷子校区),体育场馆,118.063452,36.84307,5.337,30
世纪花园-中心公园,公园,118.020012,36.833157,5.886,38
世纪花园小学,学校,118.02149,36.830225,5.379,22
东大医院,医院,118.070965,36.799474,4.938,8
东方实验学校,文化场馆,118.078156,36.821028,5.837,21
东方购物广场(沂源店),商场,118.160871,36.184001,5.755,26
东泰商厦(大顺路店),商场,118.295805,36.816877,5.14,19
东泰广场(茂业百货店),商场,118.296674,36.81926,5.336,25
东海鲜味园,餐饮,117.849453,36.805836,5.556,13
东源商场,商场,118.056381,36.806026,5.927,19
东良进口商品(桓台店),商场,118.093213,36.952988,5.605,27
东里滨水运动公园,公园,118.364645,36.014678,4.981,21
东陈公园,公园,117.880225,36.791882,6.168,20
中共沂源县委党校,学校,118.19505,36.201654,5.225,22
中共沂源县委旧址,旅游景点,118.258301,36.196757,6.088,20
中共淄博市委党校,学校,117.922033,36.847674,5.652,34
中共淄川区龙泉镇台头村委员会,学校,117.969534,36.573948,5.395,18
中共高青县委党校,文化场馆,117.849188,37.155973,5.331,32
中华武馆(张桓路),体育场馆,118.044124,36.824793,5.198,16
中国体育彩票,商场,117.959333,36.647242,4.779,31
中国琉璃艺术殿堂,旅游景点,117.853656,36.488408,5.335,28
中国石化齐鲁石化公司培训中心,学校,118.283599,36.815594,5.367,15
中国课本博物馆,文化场馆,118.107847,36.831431,5.365,33
中埠镇卫生院,医院,118.18759,36.846438,5.201,15
中威中医院,医院,117.949276,36.645747,6.015,30
中德智能制造产教融合示范基地,文化场馆,118.112588,36.830991,5.693,27
中心公园,公园,118.257746,36.765129,5.497,13
中濠饭店(海岱楼店),餐饮,117.998939,36.844294,5.764,34
中铝党校,学校,118.047129,36.756803,5.479,34
串说(淄博桓台县),餐饮,118.057524,36.954619,5.635,19
临淄一中,学校,118.313495,36.812152,5.725,19
临淄中国古车博物馆,文化场馆,118.387478,36.83655,6.195,22
临淄二中,学校,118.304006,36.837102,5.834,21
临淄人民广场,公园,118.308885,36.824891,5.125,26
临淄北站站前广场,公园,118.34047,36.904714,5.363,17
临淄区中医医院,医院,118.303243,36.801864,5.73,20
临淄区人民医院门诊部,医院,118.306519,36.813212,5.256,13
临淄区凤凰中心卫生院,医院,118.231515,36.882201,5.518,33
临淄区圃田园,公园,118.304575,36.811855,5.794,26
临淄区淄江中学,学校,118.345542,36.812707,5.428,28
临淄区稷下小学,学校,118.315531,36.810223,5.519,27
临淄区道德主题公园,公园,118.303875,36.819506,5.634,29
临淄区金山中学,学校,118.229933,36.735894,5.54,25
临淄区金山中心卫生院,医院,118.171296,36.706079,5.512,19
临淄区金岭卫生院,医院,118.191787,36.798419,5.435,24
临淄区铁路主题体育公园,公园,118.285962,36.804468,5.494,22
临淄区闻韶银山百货商场(方正2009小区店),商场,118.331701,36.817583,5.434,27
临淄区雪宫中学,学校,118.302392,36.815593,5.66,22
临淄区齐都中心卫生院,医院,118.350312,36.854112,5.36,33
临淄实验中学,学校,118.281588,36.817591,4.854,27
临淄实验小学,学校,118.30152,36.810601,6.042,20
临淄御马苑马术俱乐部,体育场馆,118.368429,36.802627,5.53,33
临淄拿铁健身俱乐部(棠悦店),体育场馆,118.326372,36.833733,5.477,25
临淄杜郎口小学,学校,118.284229,36.80673,5.376,22
临淄石佛寺,旅游景点,118.350088,36.884502,5.691,31
临淄足球博物馆,文化场馆,118.367909,36.813655,5.301,29
临淄蹴鞠小镇,体育场馆,118.371823,36.805196,5.761,30
临淄青年学生抗日志愿军训团纪念碑,旅游景点,118.343774,36.856906,5.229,31
临淄齐国故城考古遗址公园,公园,118.344057,36.890173,5.604,28
义乌商城(博大广场店),商场,118.017503,36.822875,5.103,26
乌河入湖口湿地公园,公园,118.106519,36.944644,5.302,27
乐享星牌台球,体育场馆,118.056996,36.801438,5.566,22
乐华滋披萨(振兴路店),餐饮,118.163299,36.186017,5.205,33
乐豆璟点台球俱乐部,体育场馆,118.10584,36.960057,5.592,27
乔氏桌球(晏婴路店),体育场馆,118.311476,36.819986,5.332,24
九号台球(银座商城店),体育场馆,117.840632,37.164546,5.492,18
九合台球俱乐部(凤阳大厦店),体育场馆,118.042796,36.801969,5.821,33
九级村新时代文化广场,公园,118.021111,36.817354,4.915,15
九顶山公园,公园,118.149906,36.825267,5.712,24
九顶莲花山弥陀寺,旅游景点,118.377441,36.004485,5.658,30
九龙商场,商场,118.078194,36.904107,5.411,35
乡韵金典餐饮(西台店),餐饮,118.149075,36.191675,5.442,12
二郎庙,旅游景点,118.054265,36.426773,5.714,22
云台山风景区,旅游景点,118.024326,36.606095,5.55,23
云川羽毛球俱乐部,体育场馆,118.096937,36.936719,5.575,32
云明山风景区,旅游景点,118.175224,36.446787,5.375,17
云景轩酒店,餐饮,118.178571,36.206609,5.293,26
云水瑶风景区,旅游景点,118.230763,36.367618,5.4,26
五阳山景区,旅游景点,117.911597,36.428971,5.982,14
五阳湖生态旅游度假区,旅游景点,117.88886,36.395126,5.69,29
亚细亚大酒店(闻韶路),餐饮,118.309818,36.809968,5.294,27
亨泰台球,体育场馆,118.04326,36.807013,5.12,25
京味涮肉坊(紫馨园店),餐饮,118.015711,36.798004,5.094,25
人口文化广场,公园,117.976909,36.635204,5.646,22
人和广场,公园,117.970509,36.679533,5.551,24
人民东路小学,学校,118.064812,36.810418,5.615,28
人民公社湘菜馆(联通路),餐饮,118.045252,36.827996,5.913,22
亿丰商场,商场,118.002092,36.816668,5.63,22
亿客家购物广场,商场,118.180858,36.200662,5.587,19
仁缘博山菜(青龙山路店),餐饮,117.872268,36.505538,5.307,24
仟佰汇,商场,117.962278,36.646522,5.136,14
以马内利,旅游景点,118.027782,36.763214,5.238,23
伊特蛋糕(紫荆园店),餐饮,118.053414,36.832825,5.465,19
众益商务广场,公园,117.840236,37.171428,5.388,25
众羽羽毛球馆,体育场馆,118.002165,36.786206,5.814,29
众赢商城,商场,118.053325,36.805784,6.164,14
优壹佳健身(东三路店),体育场馆,118.073359,36.797066,5.386,32
优壹佳健身(华光路店),体育场馆,118.042423,36.820796,5.405,15
优壹佳健身(和平店),体育场馆,118.043127,36.796625,5.502,24
优购商城,商场,118.330515,36.805331,5.698,35
体育中心篮球馆,体育场馆,117.984709,36.815222,4.77,20
体育场街道社区卫生服务中心,医院,118.075983,36.814805,6.148,18
你好·普拉提·瑜伽,体育场馆,118.009241,36.842339,5.333,23
佳惠新天地生活广场,商场,118.187319,36.192233,5.562,21
佳惠生活超市,商场,117.853524,36.795434,5.007,24
佳美果蔬商行(鑫城公寓东区店),餐饮,118.018,36.801909,5.81,22
供销商场,商场,118.048573,36.196962,6.035,21
俏神州大酒店,餐饮,117.875879,36.507295,5.792,27
信誉楼百货(周村店),商场,117.851852,36.807588,5.515,15
信誉楼百货(桓台店),商场,118.09803,36.94643,5.996,16
倔老头牛肉糁(银泰城店),餐饮,118.033738,36.850051,5.55,27
傅家实验小学,学校,118.000548,36.768742,5.551,26
傅家镇黄家小学,学校,118.006121,36.736265,5.429,23
傅山公园,公园,118.143232,36.875205,5.759,18
傅山自然地质博物馆,文化场馆,118.132336,36.878484,5.748,21
元创健身工作室,体育场馆,118.043131,36.807041,5.669,25
兄弟台球(吉祥路店),体育场馆,117.971646,36.654461,5.507,30
光辉百货,商场,117.859345,36.786782,5.583,23
全民健身广场,体育场馆,118.188243,36.193088,5.962,32
八仙阁,旅游景点,117.85769,36.544662,5.247,21
八大局博物馆,文化场馆,118.063569,36.809082,5.188,20
八宝灵山寺,旅游景点,118.125937,36.352686,5.568,19
八月美食小馆(银泰时代广场店),餐饮,118.035926,36.849517,5.406,32
八陡天主堂,旅游景点,117.928355,36.456887,5.273,22
八陡老街,公园,117.931293,36.455814,5.773,23
公园新村小学,学校,118.045659,36.805159,5.484,23
公社炒鸡老菜馆(八大局店),餐饮,118.075206,36.808527,5.378,28
六六六茶楼(淄博新世界商业街店),餐饮,118.041544,36.807183,5.631,21
六点水新世界,公园,118.177816,36.196675,5.828,25
六点水法润自然主题公园,公园,118.174965,36.199727,5.173,25
六禾烧烤(尹家湾),餐饮,117.844345,36.804193,5.85,27
兰州杨记牛肉面,餐饮,118.199968,36.792604,5.747,16
兰雁医院,医院,117.8479,36.810587,5.761,23
兰雁广场,公园,118.040105,36.804364,5.725,17
兴国观,旅游景点,118.168854,36.698973,5.654,26
兴隆商场,商场,117.863479,36.498316,6.207,14
兴隆灌汤蒸包(东关店),餐饮,117.97786,36.647169,5.563,32
典雅服装商场,商场,117.988939,36.74058,5.092,36
农家木火炖,餐饮,118.072517,36.85467,5.101,19
冰纷万象(淄博万象汇),体育场馆,118.061457,36.802568,5.604,18
准神台球俱乐部(银泰商城店),体育场馆,117.851963,36.797549,5.617,24
凡尔赛篮球公园,体育场馆,118.076607,36.820241,5.317,26
凡尔赛篮球运动中心,体育场馆,118.051511,36.854882,5.662,18
凤凰山公园,公园,117.838883,36.741488,4.534,23
凤凰山广场,公园,117.832022,36.741644,5.642,32
凤凰山经济林生态观光区,旅游景点,118.136722,36.567543,4.882,27
凤凰广场,公园,118.010316,36.699943,5.084,25
凯悦西餐厅(淄博黄金国际店),餐饮,118.031764,36.823767,5.575,26
凯瑞小学,学校,118.014388,36.810389,5.609,35
凯瑞教育(硕学校区),体育场馆,118.034936,36.862246,5.43,27
凯盛南湖湿地公园,公园,118.007744,36.742352,5.139,30
凯马健身俱乐部(遄台店),体育场馆,118.320304,36.813408,5.596,31
刘春村文化广场,公园,117.885178,37.255864,5.645,32
刘煜拳击馆,体育场馆,117.987399,36.814711,5.91,26
创濠体育健身综合体,体育场馆,118.048859,36.842444,5.473,19
利群时代(柳泉路店),商场,118.047509,36.801921,5.444,33
利群购物中心(桓公路店),商场,118.301688,36.81396,5.123,22
利群集团淄博购物广场,商场,118.060455,36.800429,5.491,36
加一桌,餐饮,117.851289,36.776556,5.859,27
加能健身,体育场馆,118.038489,36.84893,5.573,26
动力100健身(盛世国际店),体育场馆,117.868437,36.799085,5.522,16
动力100游泳健身(吾悦广场店),体育场馆,117.866817,36.823078,5.43,17
动力100游泳健身(荣盛广场店),体育场馆,117.999996,36.825192,5.544,46
动力100游泳健身会所(银泰城店),体育场馆,118.036422,36.848499,6.148,25
包子客牛肉汤包(金乔社区北区店),餐饮,118.070925,36.817875,5.302,16
化建医院(北院区),医院,118.230834,36.738786,5.707,21
北关小学,学校,117.968487,36.650962,5.347,23
北大医疗淄博医院,医院,118.041309,36.755311,5.204,20
北大医疗鲁中医院,医院,118.311811,36.817841,5.473,13
北大医疗鲁中医院(胜利分院),医院,118.26391,36.767573,5.616,27
北大医疗鲁中医院体检,医院,118.312396,36.818181,5.294,21
北大医疗鲁中医院康平分院,医院,118.282262,36.806845,5.852,17
北山饭店,餐饮,118.354064,36.796083,5.524,25
北岭古窑,旅游景点,117.867789,36.494568,4.77,6
北极星羽毛球馆(新馆),体育场馆,118.273701,36.803555,5.585,16
北苑小学,学校,118.018256,36.844471,5.158,35
北营公园,公园,118.076584,36.860381,5.182,18
北郊镇中心卫生院,医院,117.911802,36.82596,5.006,18
北金商场,商场,118.192956,36.884658,5.304,17
十六台球器材,体育场馆,118.284746,36.814537,5.64,30
千佛寺,旅游景点,117.84068,36.801278,5.668,26
半天妖烤鱼(淄博沂源义乌新天地店),餐饮,118.186794,36.192584,5.608,28
华严寺,旅游景点,117.980377,37.000746,5.736,28
华严胜境,旅游景点,117.978841,37.001051,5.914,25
华仁中医医院,医院,118.042517,36.807609,5.623,27
华光国瓷文化艺术中心,旅游景点,118.04781,36.848143,5.403,22
华岩寺,旅游景点,117.842443,36.613711,5.721,27
华润实验小学,学校,118.064116,36.801975,5.437,27
华盛商厦,商场,117.829677,37.171987,5.453,27
华藏寺,旅游景点,117.950788,36.556576,5.535,29
华齐私教健身中心(华侨店),体育场馆,117.992958,36.819546,5.58,30
华齐私教健身中心(银泰店),体育场馆,118.033449,36.849891,5.676,25
卓小健少儿综合运动馆,体育场馆,118.02709,36.807664,5.196,19
南博山中村文化广场,公园,117.964417,36.35139,5.523,25
南博山卫生院,医院,117.959816,36.350531,5.907,22
南定小学,学校,118.052121,36.741479,5.284,16
南定镇崔军纪念堂,旅游景点,118.049097,36.739534,5.826,25
南庙,旅游景点,117.987152,36.619724,5.61,35
南营公园,公园,118.068447,36.845105,5.582,26
博山人民公园,公园,117.855,36.496169,5.148,35
博山区中医院-门诊住院,医院,117.826869,36.489714,5.624,25
博山区中心路小学,学校,117.858761,36.493345,5.216,20
博山区八陡镇卫生院,医院,117.915515,36.455647,5.324,24
博山区博山镇中心卫生院,医院,117.963515,36.382327,5.064,28
博山区夏家庄卫生院,医院,117.870937,36.513583,5.726,25
博山区山头街道卫生院,医院,117.862367,36.476361,5.401,35
博山区白塔镇卫生院,医院,117.879934,36.550481,5.118,12
博山区第一中学,学校,117.848509,36.495344,5.771,32
博山区第六中学,学校,117.869513,36.503004,5.888,18
博山区道德主题公园,公园,117.855662,36.495119,5.373,27
博山实验中学,学校,117.859332,36.509801,5.708,26
博山山头周氏顺祥斋,旅游景点,117.87409,36.465945,5.23,26
博山篮球运动中心,体育场馆,117.832791,36.514627,4.597,27
博山经济开发区卫生院,医院,117.846082,36.522515,5.567,21
博山羽毛球运动中心,体育场馆,117.832353,36.514638,5.433,28
博山财神庙,旅游景点,117.897121,36.52617,5.58,21
博山陶瓷琉璃艺术博物馆,文化场馆,117.859607,36.499158,5.201,25
博山风景名胜区,旅游景点,117.820186,36.513045,5.225,17
博弈台球俱乐部天玺淄博旗舰店,体育场馆,118.032176,36.810442,5.415,27
卧虎山森林公园,公园,117.795732,36.597132,5.604,29
卫固医院,医院,118.144778,36.867143,5.388,25
印月茶舍(桓公花园一区店),餐饮,118.285316,36.814362,5.172,15
印象汇,商场,118.053114,36.822911,5.307,16
历山公园,公园,118.153721,36.21082,5.767,25
原山国家森林公园,旅游景点,117.836257,36.480938,5.61,36
原山国家森林公园-吕祖庙,旅游景点,117.83522,36.478136,5.542,25
原山国家森林公园-文姜广场,公园,117.856495,36.482443,5.326,31
原山艰苦创业纪念馆,旅游景点,117.888964,36.442359,5.631,11
又一村上善坊大酒店,餐饮,118.064212,36.814454,5.729,24
友谊商场,商场,118.168712,36.183769,5.88,35
友谊蛋糕(植物园店),餐饮,118.022711,36.790473,5.429,17
双龙池食品店,餐饮,117.876685,36.506296,5.495,22
古茗(中润新玛特购物广场店),餐饮,118.028312,36.837953,5.294,22
古茗(淄博实验中学店),餐饮,118.005919,36.804433,5.594,31
合易泓拌饭,餐饮,118.051176,36.805032,5.499,22
吉祥广场,公园,117.973527,36.655065,5.445,23
吉祥泡椒凤爪,餐饮,118.031029,36.799203,5.366,24
吉祥福第蚂蚱鸡,餐饮,118.016031,36.848831,5.401,24
名鲁中医院,医院,118.05981,36.797687,5.051,27
后厨金字塔(美达华庭店),餐饮,118.018377,36.825519,5.719,18
君爵桌球俱乐部,体育场馆,117.974739,36.638948,5.61,26
启点健身(九宏大厦店),体育场馆,118.036119,36.838087,5.195,28
吾悦广场(淄博周村店),商场,117.866457,36.823203,5.713,27
吾悦广场(淄博店),商场,118.025098,36.783679,5.206,25
周家医院,医院,117.987118,36.910093,5.475,16
周村丝绸文化公园,公园,117.912306,36.826751,5.744,20
周村人民广场,公园,117.856114,36.799587,5.969,22
周村人民广场-四德主题公园,公园,117.858127,36.799089,5.415,17
周村体育馆,体育场馆,117.847984,36.789105,5.377,20
周村区中小学生社会实践基地,学校,117.859928,36.840135,5.336,23
周村区人民医院,医院,117.869467,36.820009,5.069,18
周村区南郊镇中心卫生院,医院,117.915221,36.777426,5.541,29
周村区市南路小学,学校,117.854538,36.788305,5.989,33
周村区正阳路小学,学校,117.863684,36.819077,5.561,25
周村区王村中学,学校,117.738521,36.684451,5.65,24
周村区第三中学,学校,117.878606,36.796485,5.242,21
周村区第三医院,医院,117.911525,36.825789,5.387,30
周村区第二中学,学校,117.859542,36.803863,5.391,35
周村古商城,旅游景点,117.841013,36.798378,5.13,17
周村古商城-三星庙,旅游景点,117.840331,36.799726,5.576,20
周村圣母堂慈母宫,旅游景点,117.860967,36.751287,5.674,18
周村城北中学,学校,117.861555,36.842978,5.211,34
周村基督教堂,旅游景点,117.847822,36.797957,4.931,31
周村季掌门牛骨馆(信誉楼百货店),餐饮,117.851567,36.807758,5.46,24
周村火车站广场,公园,117.860867,36.792197,6.376,13
周村烧饼博物馆,餐饮,117.841826,36.79823,5.228,31
周波寿司,餐饮,118.042434,36.818197,5.205,23
味老香菜馆(万象汇店),餐饮,118.063505,36.801539,5.304,18
和平大酒店(和平路店),餐饮,117.820731,36.795699,5.492,35
和平小区小学,学校,118.039303,36.799736,5.464,23
和谐广场,公园,117.879887,36.65397,5.602,31
品海蒸鲜(曦园店),餐饮,118.00047,36.846274,5.774,22
哈尼家(大顺城市广场店),餐饮,118.290283,36.814852,5.634,26
哈雷慧6号星球(银泰城店),体育场馆,118.033619,36.848875,5.406,16
响袋24h无人自助台球(吾悦广场店),体育场馆,118.023236,36.784281,5.094,21
响袋24小时自助棋牌台球(淄博潘庄店),体育场馆,118.059775,36.819697,5.402,28
唐家村文化广场,公园,118.013876,36.745709,5.499,27
唐山医院,医院,118.046553,36.958095,5.156,33
唐山镇卫生院,医院,118.046475,36.95804,5.226,18
唐山镇文体公园,公园,118.049167,36.963014,5.107,15
商家公园,公园,118.097382,36.784934,5.509,26
喜乐佳,商场,118.100012,36.958738,4.879,18
喜力私教健身(华润店),体育场馆,118.060887,36.803298,5.52,29
喜茶(健康路店),餐饮,118.169554,36.195571,5.099,15
嗨8台球俱乐部,体育场馆,118.010268,36.829087,5.442,28
四世宫保,旅游景点,117.946244,36.950355,5.118,21
四季屋快餐(商业街店),餐饮,117.963677,36.646516,6.178,16
四季青医院西院区,医院,117.972697,36.835747,5.572,25
四王冢,旅游景点,118.37305,36.784544,5.817,19
四砂医院,医院,118.028215,36.730963,5.668,26
国梁烧烤,餐饮,117.957404,36.667691,5.331,38
国良烧烤,餐饮,117.903396,37.04802,5.168,30
图乐台球俱乐部,体育场馆,118.043981,36.829208,5.798,23
圆心楼商城,商场,117.844755,36.618944,5.471,32
圣佛山,旅游景点,118.362109,36.190447,5.652,28
圣佛山圣佛寺,旅游景点,118.215772,36.651906,5.77,27
圣元商厦,商场,117.908667,37.038908,5.804,24
圣得利(巴黎假日·步行街店),餐饮,117.852682,36.798157,5.564,24
圣洋游泳(淄博恒大翡翠华庭店),体育场馆,118.039832,36.848593,5.331,28
圣禾馄炖,餐饮,118.297034,36.820673,5.346,19
城北广场,公园,117.977157,36.653772,5.215,18
城标广场,公园,118.100016,36.949576,5.859,16
城隍庙,旅游景点,117.872889,36.480335,5.637,27
基督教堂,旅游景点,118.314038,36.844829,5.39,22
塔斯汀中国汉堡(恒和时代广场店),餐饮,118.159124,36.187482,5.313,22
塞外春肥羊府(沿河西路店),餐饮,118.152762,36.190755,5.42,26
墨羽羽毛球馆,体育场馆,117.975839,36.868265,5.406,26
壹加壹(后埠新村店),商场,118.083719,36.936016,5.338,25
壹加壹台球网咖(商业步行街店),体育场馆,118.041919,36.807328,5.502,26
壹玖健身会,体育场馆,117.979273,36.845252,5.377,26
复兴庵,旅游景点,117.900718,36.842181,5.232,26
夏庄小区广场,公园,118.054937,36.766191,5.044,32
大学城滨河公园,公园,117.934137,36.812275,5.056,20
大张商贸城,商场,118.225645,36.823116,5.3,32
大悲庵,旅游景点,117.774087,36.631927,5.665,20
大昌文化羽毛球俱乐部,体育场馆,118.022468,36.850107,5.682,18
大染坊口腔,医院,117.847775,36.791389,5.632,25
大海商厦,商场,117.958091,36.643402,5.572,15
大海商场(欢乐城精品购物广场店),商场,118.023098,36.824572,5.389,33
大理寺过桥米线麻辣烫(银泰城店),餐饮,118.034457,36.850433,5.519,25
大眼妹上海生煎(理工大学店),餐饮,118.02043,36.812692,5.309,28
大石头风景区,旅游景点,117.944959,36.593092,5.387,23
大管家,餐饮,118.067791,36.843187,5.671,18
大红门(淄博张店区),餐饮,118.030367,36.807949,5.456,23
大红门烧烤(店子村),餐饮,117.992985,36.903908,5.201,20
大自然庄园,餐饮,118.300918,36.859325,5.398,21
大角牛烩牛肉(十七中北街店),餐饮,118.035349,36.811637,5.178,19
大马头崮,旅游景点,118.170564,36.228669,5.753,22
天主堂,旅游景点,118.354345,36.852005,5.259,14
天主教堂,旅游景点,118.020124,36.78171,5.3,14
天乙篮球公园,体育场馆,118.003703,36.85128,5.524,21
天仙玉女碧霞元君万法宗坛,旅游景点,117.690201,37.184389,5.973,13
天后台球,体育场馆,118.052038,36.803252,5.892,30
天明寺,旅游景点,118.065457,36.543319,5.166,21
天清·栖溪源休闲旅游区,旅游景点,118.185972,36.11547,5.615,25
天玑阁,旅游景点,117.945775,37.186481,5.283,24
天玺24h台球俱乐部,体育场馆,118.037403,36.841989,5.882,26
天行健健身会所,体育场馆,118.004368,36.836872,5.756,27
天行健游泳健身俱乐部,体育场馆,118.32095,36.834906,5.432,24
天隆购物广场,商场,117.86096,36.503301,5.653,34
天香公园,公园,117.852515,36.813338,5.761,27
天鹅商城,商场,117.830523,37.167515,5.801,17
天鹅湖温泉国际慢城,公园,117.894775,37.242389,5.385,13
太公小学,学校,118.335491,36.816887,5.721,21
太公植物园,公园,118.36359,36.811137,5.42,14
太公湖公园,公园,118.364861,36.810869,5.63,26
太公湖国家水利风景区,旅游景点,118.363994,36.80938,5.586,21
太公老刘烧烤(三星怡水名城店),餐饮,118.322683,36.829206,5.041,35
太阳山植物园,公园,117.892555,36.534811,5.508,24
奎三广场,公园,117.937206,36.563022,5.407,24
奎山公园,公园,117.938323,36.56463,5.554,15
奎樱古寺,旅游景点,117.908429,36.553642,5.458,24
奕乐快餐烤肉拌饭鸡排饭(南苑绿洲社区店),餐饮,118.02951,36.765167,5.677,26
奕菡团购工作室,商场,118.305537,36.821413,5.001,24
奥华购物中心,商场,118.233796,36.737202,5.909,22
奥搏体育羽毛球馆,体育场馆,118.095336,36.97154,5.626,24
奥朗特购物广场,商场,118.012429,36.810507,5.488,24
奥都商城,商场,117.919161,36.660307,5.692,13
如月湖湿地公园,旅游景点,117.892587,36.442721,5.494,28
姜太公祠,旅游景点,118.320602,36.809275,5.018,18
威斯曼健身搏击俱乐部(百脑汇店),体育场馆,118.048142,36.802401,5.433,30
威灵格桌球(利民大厦店),体育场馆,118.043439,36.813846,5.748,27
孙庄党建主题公园,公园,118.123778,36.846458,5.383,25
孙廷铨故居,旅游景点,117.856617,36.49113,5.89,28
孙泽涛辣豆腐(和平社区店),餐饮,118.037766,36.799699,6.087,15
孝妇河湿地公园,公园,117.966585,36.799996,5.762,24
孝妇河湿地公园喷泉广场,公园,117.970314,36.801683,5.614,20
孝妇河骑行公园,公园,118.003375,36.747467,5.425,22
孟家炉神姑庙,旅游景点,118.187016,36.820819,5.846,17
季掌门牛骨火锅(大顺胜利花园店),餐饮,118.291805,36.814727,5.361,23
学伟烧烤火锅(天齐路),餐饮,118.329326,36.805318,5.24,17
宁家村文明实践广场,公园,117.824974,36.733846,5.241,23
宁戚饭牛处,旅游景点,118.298465,36.863842,5.572,32
安源蛋糕,餐饮,118.166964,36.18527,5.628,29
安澜湾,旅游景点,117.896269,37.260744,5.686,32
宝塔文化广场,公园,117.997516,36.713892,5.487,34
宝德商场,商场,117.909726,37.038757,5.5,26
家饭拌饭烤肉,餐饮,118.04537,36.822497,5.25,22
寇氏游泳健身馆,体育场馆,118.339486,36.814335,5.056,33
富丽商城,商场,118.056526,36.805114,5.86,29
富源商城,商场,118.19445,36.189208,5.347,20
富瑞特全民健身中心(富瑞特城市广场店),体育场馆,117.851331,36.808928,5.382,23
寨里中心卫生院,医院,118.044576,36.64904,5.611,21
小乔豆腐(富瑞特城市广场店),餐饮,117.851204,36.807558,5.599,22
小寨游园,公园,117.864398,36.808559,5.698,32
小燕子窝(中润·华侨城十五组团店),餐饮,118.031897,36.835967,5.883,15
小牛一杆台球俱乐部,体育场馆,117.86223,36.497585,5.334,19
小维度奶茶店,餐饮,117.852553,36.800011,5.22,31
小西湖公园,公园,118.036667,36.808819,5.268,24
小面侠(雪宫路店),餐饮,118.303634,36.815928,5.152,22
少儿游泳综合运动馆,体育场馆,118.02624,36.808166,5.687,22
少海公园,旅游景点,118.082339,36.960297,5.673,23
山东健康集团淄博医院,医院,117.995154,36.632548,5.442,32
山东农业工程学院(淄博校区),学校,117.934861,36.845859,5.461,23
山东工业职业学院,学校,118.081232,36.88653,5.845,33
山东工业职业学院(南区),学校,118.081115,36.883895,5.432,24
山东工业职业学院北区,学校,118.081257,36.886581,5.656,23
山东新华制药股份有限公司职工培训中心技工学校,学校,118.063076,36.794698,5.409,34
山东新星集团新星商厦,商场,118.023088,36.78131,5.455,24
山东水利技师学院,学校,117.893721,36.654078,5.786,13
山东沂源二中,学校,118.149219,36.17686,5.722,20
山东淄博新元学校,学校,118.053855,36.819376,5.871,18
山东淄博机电工程学校,学校,117.856807,36.839902,5.108,28
山东淄博鲁才高级中学,学校,117.753424,37.13738,5.804,19
山东清源集团医院,医院,118.210773,36.80142,5.756,24
山东煤炭技术学院,学校,117.985255,36.635242,5.475,31
山东理工大学,学校,118.000702,36.81037,5.481,22
山东理工大学东校区,学校,118.039887,36.811417,5.506,26
山东理工大学信息楼,文化场馆,118.004206,36.80863,5.408,29
山东理工大学大学生艺术广场,公园,117.999815,36.812747,5.289,24
山东省博山电力技工学校,学校,117.85858,36.478547,5.461,25
山东省桓台世纪中学,学校,118.108796,36.959324,5.608,35
山东省桓台第一中学,学校,118.072887,36.960668,5.697,29
山东省桓台第二中学,学校,118.07255,36.952882,5.489,28
山东省淄博市工业学校,学校,118.304134,36.831665,5.244,22
山东省淄博第一中学,学校,117.857863,36.507922,5.262,20
山东省淄博第七中学,学校,118.307753,36.801229,5.393,16
山东省淄博第五中学,学校,118.063129,36.791132,5.555,18
山东省淄博第六中学(总校区),学校,117.826289,36.799133,5.307,34
山东省淄博第十一中学,学校,118.058549,36.850697,5.362,25
山东省淄博第十七中学,学校,118.035689,36.810219,5.094,25
山东省淄博第十八中学,学校,118.055517,36.818262,5.546,23
山东省生建八三医院,医院,117.711653,36.664447,5.64,23
山东省高青一中,学校,117.849096,37.174481,5.407,11
山东职业技工学校(章丘校区),学校,117.703625,36.676497,5.14,21
山东药品食品职业学院淄博校区,学校,118.030617,36.806068,5.846,17
山东轻工职业学院,学校,117.86148,36.77357,5.436,16
山东轻工职业学院(文昌湖校区),学校,117.864573,36.720544,5.846,15
山东铝业职业学院,学校,118.048078,36.75552,5.187,29
山东齐鲁武校,学校,118.160609,36.698077,5.159,25
山川禅寺,旅游景点,117.961374,36.616908,5.471,21
山旺村健身广场,公园,117.89136,36.76054,5.265,24
山格洞中韩料理餐厅,餐饮,117.845718,36.80366,5.477,24
山水缘广场,公园,117.959894,36.632743,5.731,30
山铝体育馆,体育场馆,118.044187,36.755264,5.52,26
山铝植物园,公园,118.04532,36.754336,5.357,23
山铝游泳馆,体育场馆,118.042806,36.754588,5.118,22
山铝西山社区卫生服务站,医院,118.037141,36.752962,5.518,17
岁月烧烤,餐饮,117.867159,36.816672,5.493,22
岳庄医院,医院,117.950743,36.448765,5.504,27
峨嵋山公园,公园,117.863174,36.486709,5.578,24
峨庄国家森林公园,公园,118.150576,36.503571,5.421,37
峨庄瀑布群风景区,旅游景点,118.190568,36.438902,5.343,23
崔军广场,公园,118.050063,36.744185,5.237,22
崔家烤羊(中润·华侨城店),餐饮,118.027231,36.841427,5.84,23
巧遇健身会所(润德大厦店),体育场馆,117.991658,36.82216,5.13,25
巩本明鱼屋子,餐饮,118.083466,37.056576,5.233,24
市民广场,公园,118.017803,36.804819,5.497,17
希尔顿国际广场(建设中),公园,117.869006,36.821829,5.335,34
干锅鸭头老博山菜(白虎山路商业街店),餐饮,117.86028,36.513678,5.123,24
平价商城,商场,117.981678,37.049655,5.303,29
平安殿,旅游景点,117.855097,36.542447,5.663,25
幸运咖(周村店),餐饮,117.852673,36.80738,5.462,24
幽幽谷,旅游景点,118.080758,36.323183,5.807,23
广凯久久鸭脖王,餐饮,118.103084,36.960928,5.592,20
广利来(步行街店),餐饮,117.852554,36.80653,5.533,31
庵头村健身广场,公园,117.956615,36.735934,5.322,17
康平乒乓球俱乐部,体育场馆,118.281593,36.805622,5.733,26
康美达健身(工职院店),体育场馆,118.085163,36.892869,5.2,24
延边高丽村养生汤馆(名仕嘉园店),餐饮,118.297755,36.819583,5.057,18
建国私教健身会所(齐悦商业街店),体育场馆,117.987907,36.809122,5.302,30
开元溶洞,旅游景点,118.040406,36.40641,5.413,25
张亮麻辣烫(淄博马尚店),餐饮,117.989055,36.801039,5.836,20
张家坡镇桃花坪村民生广场,公园,118.476809,36.054105,5.819,34
张庄乡张庄村卫生室,医院,118.066716,36.52363,4.869,20
张庄玉皇宫,旅游景点,117.839676,36.548631,5.399,12
张店儿童公园,公园,118.071556,36.801765,5.27,22
张店军屯空中草原,旅游景点,118.130249,36.81412,5.338,20
张店区上海路小学,学校,117.974778,36.819207,5.426,16
张店区中医院,医院,118.049972,36.800925,5.395,21
张店区中医院康复楼,医院,118.052783,36.800109,5.745,31
张店区中医院肛肠楼,医院,118.052541,36.800414,5.518,32
张店区人民医院,医院,118.072384,36.817652,5.603,29
张店区人民医院(主院区),医院,118.057745,36.795784,5.675,14
张店区人民医院(南院区),医院,118.059541,36.791552,5.326,27
张店区体育馆,体育场馆,118.036155,36.796165,5.843,25
张店区体育馆广场,公园,118.036343,36.797352,5.187,26
张店区兴学街小学,学校,118.054491,36.794399,5.067,21
张店区凯瑞园社区卫生服务中心,医院,118.020489,36.813996,5.561,22
张店区南定镇卫生院,医院,118.04596,36.745646,5.34,23
张店区大拿乔氏台球厅,体育场馆,118.035919,36.830971,5.769,18
张店区实验小学,学校,118.016861,36.801754,5.877,24
张店区房镇祠堂,旅游景点,117.950836,36.848017,5.481,30
张店区房镇镇卫生院,医院,118.000737,36.846624,5.562,17
张店区文苑学校,学校,118.057396,36.770116,5.841,20
张店区杏园小学,学校,118.076935,36.787266,5.484,21
张店区柳泉小学,学校,118.049946,36.827302,5.765,11
张店区沣水中心卫生院,医院,118.091631,36.752094,5.602,26
张店区特殊教育中心学校,学校,118.052517,36.797538,5.5,26
张店区盛湖小学,学校,117.983951,36.845121,6.08,28
张店区科技苑中学,学校,118.050969,36.828994,5.51,27
张店区科苑街道科技苑社区卫生服务站,医院,118.051755,36.833748,5.696,26
张店区科苑街道黄金国际社区卫生服务站,医院,118.029946,36.82267,4.915,19
张店区第一中学,学校,118.043795,36.795111,5.618,25
张店区第七中学,学校,118.03144,36.818856,5.313,15
张店区第三中学,学校,118.05725,36.807199,5.845,22
张店区第九中学,学校,118.022021,36.815689,4.755,22
张店区第二中学,学校,118.070757,36.808516,5.28,22
张店区第二人民医院24小时急救,医院,118.026441,36.803357,5.69,26
张店区第八中学,学校,117.996954,36.825344,5.043,29
张店区绿杉园小学,学校,118.046686,36.832088,5.652,16
张店区肌因体育健康服务部,医院,118.008977,36.840866,5.162,24
张店区莲池学校,学校,118.031351,36.830007,5.499,16
张店区重庆路中学,文化场馆,118.008215,36.844799,5.388,29
张店区重庆路小学,学校,118.006566,36.842239,5.272,26
张店区铁路小学,学校,118.039572,36.790786,5.194,23
张店区齐润小学,学校,118.002303,36.81991,5.676,37
张店城中小学,学校,118.052446,36.801953,5.543,43
张店天主教堂,旅游景点,118.059974,36.789464,5.566,25
张店市民公园,公园,118.021792,36.804554,5.618,26
张氏蛤蜊鸡(总店),餐饮,117.863549,36.805103,5.873,22
张相湖湿地公园,公园,117.970065,36.670286,5.483,30
弥陀寺,旅游景点,118.162099,36.49732,5.502,20
彤德捞轻火锅(万达店),餐饮,118.009678,36.841197,5.463,24
彩世界精品皮草广场,商场,118.029104,36.822275,5.241,42
影私空间(淄博王府井广场店),餐饮,118.051466,36.8059,5.471,34
征服者越野俱乐部(淄博店),体育场馆,118.161408,36.495809,5.684,16
御茗府茶楼,餐饮,118.292699,36.809172,5.778,17
德扬学校,学校,117.981468,36.911981,5.533,23
德润医院,医院,117.884854,36.555597,5.873,18
心福烤鱼店,餐饮,118.014583,36.791268,5.314,24
志速城市滑雪空间(淄博万象汇),体育场馆,118.061233,36.80143,5.58,22
忠亲王祠,旅游景点,117.967651,36.645975,5.294,30
忠勤祠,旅游景点,117.940969,36.950379,5.56,25
思迈健身会所(山东新星集团新星商厦店),体育场馆,118.023065,36.781464,5.346,32
怡园,公园,118.333677,36.815041,5.507,20
怡康游园,公园,118.190152,36.796997,5.364,18
恒泰游泳健身会馆,体育场馆,117.855636,36.479015,5.601,36
悦动乒乓球,体育场馆,118.026732,36.808963,5.818,19
悦味坊酒店,餐饮,118.0079,36.832232,5.609,34
悦城公园,公园,117.861436,36.815855,5.286,23
惊宇动力健康管理中心·游泳健身,体育场馆,117.997351,36.790241,5.987,16
惠仟佳,商场,118.087429,36.959942,4.921,13
惠仟佳超市,商场,118.08749,36.959884,5.016,20
慈云寺,旅游景点,117.875957,37.208507,5.532,25
憩园广场,公园,117.861353,36.496955,5.298,21
懋隆大酒店,餐饮,117.872949,36.471324,5.91,27
懿仁堂中医院,医院,117.867122,36.803059,6.094,19
成和商厦(沂源店),商场,118.170879,36.192775,5.112,15
成语公园,公园,117.985906,36.696047,5.433,15
房镇体育公园,公园,117.965442,36.864421,5.678,20
抡8台球俱乐部,体育场馆,118.10774,36.962169,5.11,27
拿铁计划健身馆,体育场馆,117.928208,36.835469,5.437,26
振华商厦,商场,118.056047,36.801675,5.462,24
文体公园,公园,118.080968,36.945162,5.044,21
文化广场,公园,118.232387,35.998889,5.511,20
文姜公园,公园,117.895912,36.402253,5.445,23
文昌湖公园,公园,117.870499,36.711934,5.467,27
文昌湖区总体国家安全观主题公园,公园,117.873194,36.713743,5.453,16
文昌湖深蓝台球俱乐部,体育场馆,117.866521,36.730761,5.809,18
文昌湖滨湖沙滩,旅游景点,117.879338,36.695126,5.178,16
文昌湖省级旅游度假区,旅游景点,117.868352,36.692256,5.467,30
文昌湖萌宠动物园,公园,117.86273,36.715628,5.402,29
文昌湖西马桥景点,旅游景点,117.85869,36.690796,5.213,35
斐塔咖啡(齐都国际商务大厦A座北),餐饮,118.315255,36.824468,4.902,33
新东方羽绒服饰广场,商场,117.958291,36.646783,5.096,19
新华公园,公园,118.067006,36.7957,5.371,15
新印马酒店,餐饮,118.316041,36.82053,5.579,17
新星商厦(商城西街),商场,117.959333,36.647242,5.064,14
新星商城,商场,117.98305,36.665048,5.831,23
新泰炒鸡园,餐饮,117.944106,36.633606,5.358,26
新玛特名酒专柜(新玛特购物广场店),商场,118.028595,36.837937,5.593,23
新玛特购物广场(中润店),商场,118.028591,36.837958,5.347,21
新疆伊犁河餐厅清真,餐饮,118.099088,36.973599,5.312,16
新艺苑精品地下城,商场,118.302367,36.812951,5.877,24
方和茂,商场,118.300029,36.81432,5.65,36
方正帝王商场,商场,118.299215,36.813297,5.499,18
旗胜足球场,体育场馆,118.024355,36.773073,5.089,29
旭阳灶台鱼,餐饮,118.02153,36.765224,5.197,23
时代名都社区卫生服务站预防接种门诊,医院,118.043376,36.839099,5.367,34
旷野之息露营地,体育场馆,118.060419,36.903402,5.513,17
旺哥鸡公煲(北营店),餐饮,118.065529,36.855725,5.28,18
昆仑党建文化主题广场,公园,117.913821,36.58224,5.335,19
昆仑山玉皇宫,旅游景点,117.899978,36.591192,5.394,29
昆仑广场,公园,117.91394,36.581689,5.557,23
昆山社区文化广场,公园,117.918647,36.593856,5.597,21
明医堂,医院,118.037682,36.797434,5.444,27
明德山雾云洞,旅游景点,117.932145,36.417401,5.181,23
明德志愿服务主题公园,公园,117.847624,36.795251,5.707,22
易达广场,商场,117.837451,36.497742,5.955,17
星8台球,体育场馆,118.053028,36.799244,5.51,21
星动重塑女性健身,体育场馆,118.024703,36.825757,5.414,34
星小奥少儿运动馆(福园校区),体育场馆,118.027301,36.808121,5.317,27
星巴克(淄博印象汇店),餐饮,118.053299,36.822489,5.587,27
星牌台球俱乐部,体育场馆,118.072495,36.815271,5.78,22
春之光医院,医院,118.073479,36.806474,5.009,10
晏婴公园,公园,118.292655,36.820218,5.592,30
晏婴小学,学校,118.28193,36.819943,5.408,27
普照寺,旅游景点,117.962441,36.639034,5.374,29
智德羽毛球馆,体育场馆,117.998564,36.792108,5.757,25
曹一村法治文化广场,公园,118.098433,36.839591,5.682,35
曼巴台球俱乐部(兴桓路店),体育场馆,118.099896,36.953136,5.767,19
曾太美食,餐饮,118.061973,36.803139,5.576,21
月湖湿地公园,公园,118.002886,36.718887,5.64,21
月牙湾,旅游景点,118.386452,36.843008,5.39,32
望春山,旅游景点,118.078956,36.949125,5.243,23
木和烤肉饭-重庆一绝渝香米线,餐饮,117.852712,36.799754,5.37,28
木香铁锅居(南麻六小店),餐饮,118.155475,36.197135,5.394,27
朱台中学,学校,118.248111,36.940042,5.579,27
朱台中心卫生院,医院,118.257061,36.940575,5.48,22
朱台镇新时代文明实践广场,公园,118.260278,36.938944,5.521,29
朱家村体育公园,公园,117.969206,36.663327,5.742,26
机关医院,医院,118.020029,36.83421,5.634,24
权记洋行,旅游景点,118.061074,36.80042,4.926,34
李二鲜鱼火锅,餐饮,118.311561,36.821384,5.304,29
李家大院铁锅炖,餐饮,118.049874,36.841887,5.596,21
李家村四德文化广场,公园,117.959985,36.76604,5.39,22
李家疃明清建筑群,旅游景点,117.699341,36.661727,5.618,26
李芳·普拉提·婵柔运动馆,体育场馆,118.030875,36.837947,5.694,37
杏园社区卫生服务中心,医院,118.080025,36.785047,5.594,25
来力台球俱乐部(文昌路店),体育场馆,117.890451,36.661357,5.124,23
杨光会重庆鲜货火锅,餐饮,117.847591,36.502307,5.433,21
杨寨中学,学校,117.992787,36.712631,5.15,22
杨寨中心小学,学校,117.98536,36.71675,5.62,23
杨寨卫生院,医院,117.992947,36.710863,5.578,23
杨寨塔,旅游景点,117.992288,36.716165,5.365,21
极光健身工作室(中欧国际馆),体育场馆,117.993377,36.820954,5.539,20
果里医院,医院,118.078742,36.903025,5.294,23
枫山禅院,旅游景点,118.210212,36.455976,5.34,25
柒月·普拉提·塑形(居然之家店),体育场馆,118.05623,36.841163,5.479,21
柳泉湿地公园,公园,117.949355,36.633584,5.154,17
柳泉潜流湿地,旅游景点,117.937449,36.621568,5.621,34
栖真观,旅游景点,118.013277,36.138917,5.233,26
核心商城(鲁中装饰材料城店),商场,118.02041,36.785217,4.976,23
桃花峪庙,旅游景点,117.959766,36.571647,5.306,32
桉树披萨(沂源店),餐饮,118.169001,36.185571,5.012,23
桉树披萨(淄川店),餐饮,117.976008,36.644428,5.411,33
桉树披萨(福门商城店),餐饮,117.859109,36.496209,5.903,27
桓台一中附属学校,学校,118.069779,36.959617,5.482,20
桓台人民公园,公园,118.09302,36.960254,5.606,20
桓台博物馆,文化场馆,118.096944,36.959551,5.456,24
桓台县中医院,医院,118.098618,36.968299,5.411,28
桓台县中医院门诊部,医院,118.098523,36.967718,5.135,24
桓台县人民医院,医院,118.093414,36.945519,5.592,21
桓台县周家中学,学校,117.982346,36.905885,5.576,24
桓台县唐山镇邢家卫生院,医院,118.063625,37.005697,4.824,22
桓台县城南学校,学校,118.084252,36.940475,5.369,13
桓台县实验中学,学校,118.103854,36.964247,5.502,20
桓台县文化体育中心,体育场馆,118.082319,36.946522,5.76,34
桓台县新时代文明实践中心-健康主题公园,公园,118.084407,36.946436,5.489,26
桓台县渔洋中学,学校,118.103492,36.947909,5.648,26
桓台县第二人民医院,医院,117.91995,37.039205,5.061,18
桓台县第二小学,学校,118.093883,36.955014,4.983,23
桓台县索镇耿桥卫生院,医院,118.124189,36.993142,5.354,12
桓台县红莲湖学校,学校,118.067082,36.942338,5.941,16
桓台县跷脚烧烤店,餐饮,118.067602,36.917548,5.254,21
桓台县陈庄中学,学校,117.916557,37.008159,4.771,16
桓台县马桥镇中心卫生院,医院,117.920237,37.038991,5.363,18
桓台县马桥镇陈庄卫生院,医院,117.922181,37.009725,5.184,20
桓台县鱼龙中学,学校,118.101559,37.0654,5.859,34
桓台后金眼科医院,医院,117.922909,37.052407,5.511,14
桓台商厦,商场,118.105225,36.959466,5.181,37
桓台夏庄昭亮医院,医院,118.119908,37.061022,5.494,13
桓台实验学校,学校,118.082203,36.967572,5.977,27
桓台济民医院,医院,118.096603,36.958596,5.779,19
桓台百货大楼,商场,118.105923,36.958434,5.276,31
桥下公园,公园,117.968623,36.851769,5.525,32
梁荣贵台球俱乐部锐胜旗舰店(齐纳店),体育场馆,118.331847,36.813853,5.596,23
梓橦山旅游区,旅游景点,118.03096,36.665088,5.568,27
梓橦山滑雪场,体育场馆,118.028732,36.666134,5.344,27
梓潼关,旅游景点,117.887834,36.71048,5.253,29
梦武少儿武术散打(方和茂店),体育场馆,118.299886,36.814326,6.146,19
樵岭前风景区,旅游景点,117.821669,36.446687,5.685,44
樵岭前风景区-博山溶洞,旅游景点,117.827216,36.447454,5.333,26
欢乐城精品购物广场,商场,118.023549,36.825043,5.645,27
欢乐新街,商场,117.848859,36.793297,5.338,20
欧巴春川铁板鸡(吉祥路商业街店),餐饮,117.971771,36.654814,5.18,36
欧麦滋蛋糕花艺坊(芦湖小区店),餐饮,117.84188,37.168743,5.259,30
正宗苗山炒鸡,餐饮,117.834617,36.514924,5.874,33
正心跆拳道馆(人民西路店),体育场馆,118.020096,36.814181,5.94,15
正觉寺,旅游景点,117.898886,36.526624,5.413,29
步步高鸽子府,餐饮,118.314622,36.806359,5.289,14
毕自严故居,旅游景点,117.738277,36.677793,5.184,15
民族园,公园,117.846969,36.816491,5.444,31
民法典主题公园,公园,117.828674,36.796596,5.526,23
氧气私教健身会所(义乌店),体育场馆,118.024109,36.822686,5.919,27
汇泉桃花岛,旅游景点,117.933869,36.117701,5.501,32
汇源绿色广场,公园,118.149404,36.200553,5.8,20
汇达台球俱乐部,体育场馆,118.006687,36.816106,5.342,37
汇通消防培训,文化场馆,118.090384,36.822305,4.799,21
江南濠景生态美食园,餐饮,118.009609,36.805242,5.66,28
沁园社区卫生服务站,医院,118.045357,36.814004,5.831,18
沂河头村文化广场,公园,118.244623,36.172628,5.513,29
沂河沂源源头水保护区,旅游景点,118.116224,36.167737,5.046,27
沂河源,公园,118.150174,36.196341,5.391,17
沂河源水景公园,公园,118.154262,36.190032,5.246,21
沂河源省级湿地公园,公园,118.150174,36.196341,5.261,27
沂源县三岔卫生院,医院,118.26324,36.32587,5.788,18
沂源县中医医院,医院,118.161907,36.19553,4.982,15
沂源县人民医院,医院,118.170794,36.188628,5.587,24
沂源县人民医院大张庄分院,医院,118.028335,36.036198,5.849,21
沂源县人民医院悦庄分院,医院,118.265979,36.206135,5.371,26
沂源县人民医院新院区,医院,118.202406,36.210612,5.017,22
沂源县历山中学,学校,118.161848,36.191321,5.824,27
沂源县大张庄中学,学校,118.031824,36.045896,5.809,22
沂源县普安禅寺,旅游景点,118.126756,36.195465,5.284,30
沂源县沂河源学校,学校,118.190142,36.195699,5.742,28
沂源县第二人民医院,医院,118.360611,36.019273,5.277,29
沂源四中,学校,118.249974,36.217228,5.41,31
沂源振华实验学校,文化场馆,118.182272,36.210307,5.718,20
沂源文化苑,公园,118.158,36.191738,6.002,21
沂源牛郎织女景区,旅游景点,118.260858,36.109421,5.419,21
沂源牛郎织女景区-织女洞森林公园,公园,118.261632,36.10731,5.357,27
沂源第一中学,学校,118.202762,36.204404,5.29,25
沂源鲁山溶洞群景区,旅游景点,118.040261,36.298894,5.528,30
沈家村哪吒墙画,旅游景点,117.847973,36.855279,5.423,22
沐浴阳光.俊辰百货高青店,商场,117.662007,37.103489,5.511,27
沐羽高端羽毛球俱乐部,体育场馆,118.058909,36.878093,5.611,22
河南村党建文化广场,公园,117.9315,36.500416,5.42,22
泉河风景区,公园,118.048141,36.410821,5.566,35
泉龙大酒店,餐饮,117.977532,36.651991,5.564,21
法兰度西餐厅(天齐东路店),餐饮,118.331778,36.814367,5.353,15
法治文化公园,公园,118.07064,36.884022,5.5,21
法王院,旅游景点,118.032929,36.713602,5.293,28
波力羽毛球馆,体育场馆,117.990499,36.62364,5.494,25
泰东生活广场,商场,118.330347,36.816999,6.043,15
泰丰全羊火锅,餐饮,118.041605,36.734476,5.457,23
泰客荣店(茂业百货泰客荣店),商场,118.302933,36.813445,5.58,23
泸溪河桃酥(淄博吾悦广场店),餐饮,118.025209,36.78382,5.036,27
泽升游泳馆,体育场馆,117.96147,36.670221,5.679,19
活力城,商场,117.868293,36.799214,5.02,37
活力广场,公园,118.063957,36.867657,5.856,18
流苏园,公园,117.918142,36.823744,5.251,27
海岱楼,旅游景点,117.988604,36.841309,5.432,19
海岱楼·钟书阁,文化场馆,117.98889,36.841714,5.718,28
海岱楼钟书阁,旅游景点,117.98889,36.841714,5.645,25
海梦圆酒楼,餐饮,117.845917,36.496655,5.519,21
海棠园,旅游景点,117.994754,36.839891,5.588,28
海棠居(农广大厦店),餐饮,118.01476,36.829155,5.356,29
海洋王国,公园,118.296117,36.817556,5.519,27
海福缘酒楼博山菜,餐饮,118.05069,36.818672,5.116,40
海鸥ZONE健身工作室,体育场馆,117.866042,36.822629,5.302,30
涌泉齐长城,旅游景点,118.134415,36.429842,5.551,17
涝淄河公园,公园,118.071893,36.87101,5.366,26
淄博一四八医院,医院,117.852864,36.793363,5.485,26
淄博一四八医院门诊部,医院,117.8529,36.793864,5.766,23
淄博万象汇,商场,118.061399,36.802119,5.525,30
淄博世纪英才外语学校,学校,118.065,36.842399,5.428,21
淄博世茂广场,商场,117.98579,36.820734,5.405,42
淄博东方双语学校,学校,118.071636,36.808338,5.212,20
淄博中医骨伤医院,医院,117.826714,36.489782,5.145,19
淄博中大医院,医院,118.038074,36.801364,5.447,31
淄博中学,学校,118.120439,36.831177,5.464,37
淄博中心广场,公园,118.038484,36.803235,5.954,20
淄博丽人医院,医院,118.047595,36.820418,5.472,33
淄博人民公园,公园,118.048798,36.810627,5.036,22
淄博会展中心,文化场馆,117.988167,36.833619,5.465,27
淄博信息工程学校,学校,118.067903,36.805023,5.555,20
淄博修文外国语学校,学校,117.975357,36.837448,5.251,28
淄博光正公司医院,医院,117.947288,36.6059,5.537,35
淄博公园,公园,117.977602,36.785251,5.681,27
淄博创大医院,医院,118.062584,36.672291,5.208,24
淄博动物园,公园,118.150331,36.809505,5.503,24
淄博动物园-东北虎园区,公园,118.149612,36.808627,5.463,19
淄博化建医院,医院,118.233028,36.735297,5.494,32
淄博北站北广场,公园,118.026254,36.898065,5.538,30
淄博北站南广场,公园,118.02671,36.893317,5.481,28
淄博南定百货大楼,商场,118.072634,36.727615,5.612,14
淄博博山鲁中中医院,医院,117.846959,36.533807,5.529,29
淄博博苑实验幼儿园,学校,117.999673,36.819831,4.974,17
淄博口腔医院,医院,118.026673,36.803344,5.715,25
淄博和平学校,学校,117.824973,36.791633,5.795,25
淄博商厦,商场,118.058471,36.802055,5.057,23
淄博商厦(博山店),商场,117.857579,36.511671,5.453,18
淄博商厦周村家电广场,商场,117.857922,36.807819,5.543,43
淄博四季青医院,医院,118.041428,36.828633,6.211,15
淄博国际会展中心,文化场馆,117.996092,36.790779,4.866,23
淄博国际商贸城,商场,117.99447,36.789472,5.41,19
淄博国际商贸城B馆,商场,117.995315,36.787933,5.591,30
淄博圣洁医院,医院,118.091234,36.965849,5.375,23
淄博外国语实验学校,学校,117.987589,36.636598,5.158,19
淄博外语学校,学校,118.035326,36.787985,5.447,13
淄博大众医院,医院,118.04198,36.798201,5.662,25
淄博大学城实验中学,学校,117.923755,36.822727,5.113,23
淄博大成商场,商场,118.055089,36.805645,5.815,26
淄博天誉佳惠购物广场,商场,118.062769,36.916257,5.456,31
淄博天齐渊公园,公园,118.336561,36.795289,5.482,25
淄博宝华中医医院,医院,118.02428,36.816938,4.84,30
淄博宝鑫新经典学校,学校,118.100999,36.818062,5.39,25
淄博实验中学,学校,118.008153,36.801282,5.687,17
淄博少海医院,医院,118.090097,36.958442,5.605,29
淄博工业学校梧台校区,学校,118.302241,36.885074,5.195,29
淄博市中医医院(院总部)(装修中),医院,117.934625,36.802749,5.171,33
淄博市中医医院东院区,医院,117.934679,36.802417,5.635,23
淄博市中医医院老院区,医院,117.850347,36.801442,5.84,18
淄博市中心医院,医院,118.053088,36.807533,5.368,33
淄博市中心医院(西院区),医院,117.975134,36.810239,5.625,19
淄博市中心医院住院一部,医院,117.975604,36.809321,5.531,20
淄博市中心医院北病房楼,医院,118.05276,36.808721,5.088,23
淄博市中心医院南病房楼,医院,118.052622,36.807439,5.808,24
淄博市中心医院西院区住院五部,医院,117.973382,36.811715,5.472,24
淄博市中心医院西院区培训部,医院,117.97317,36.809077,5.809,19
淄博市中心医院门诊部,医院,118.053567,36.806576,4.941,32
淄博市中心医院高青院区,医院,117.836181,37.169301,5.396,23
淄博市中西医结合医院,医院,118.058868,36.79356,5.344,19
淄博市中西医结合医院体检,医院,118.058868,36.79356,5.488,34
淄博市临淄三中,学校,118.351663,36.846201,5.739,24
淄博市临淄中学,学校,118.341718,36.834299,5.377,18
淄博市体育中心,体育场馆,117.986362,36.813229,5.889,17
淄博市体育中心体育场,体育场馆,117.98856,36.813629,5.931,22
淄博市体育中心综合体育馆,体育场馆,117.984612,36.814996,5.636,20
淄博市体育场游泳馆,体育场馆,117.983437,36.813185,5.476,31
淄博市体育运动学校,文化场馆,117.919092,36.80832,5.009,18
淄博市农业科学研究院(商场西街),文化场馆,118.030106,36.804568,5.488,25
淄博市博山中学,学校,117.843168,36.513238,4.577,18
淄博市博山区人民医院,医院,117.861781,36.512727,5.153,24
淄博市博山区第二人民医院,医院,118.052569,36.428533,5.875,30
淄博市博物馆,文化场馆,118.038234,36.80401,5.476,24
淄博市周村区实验中学,学校,117.844915,36.787422,5.888,33
淄博市周村区第一中学(东校区),学校,117.838026,36.791925,5.571,39
淄博市周村夏源商贸有限公司,商场,117.85205,36.798008,5.313,32
淄博市唐家山文化生态园,公园,118.019602,36.752995,5.246,25
淄博市图书馆,文化场馆,117.986592,36.82889,5.851,29
淄博市妇幼保健院东院区,医院,118.060376,36.790092,4.792,24
淄博市实验幼儿园,学校,117.977691,36.820993,5.64,24
淄博市市立医院,医院,118.306982,36.813461,5.523,19
淄博市市立医院淄江分院,医院,118.335498,36.815204,5.443,26
淄博市市级机关医院,医院,118.055697,36.811686,5.924,26
淄博市市级机关医院(人民西路),医院,118.047769,36.814238,5.263,24
淄博市市级机关医院世纪花园门诊部,医院,118.02004,36.834122,5.684,25
淄博市建筑设计研究院有限公司,文化场馆,118.053384,36.812807,5.188,19
淄博市张店区傅家镇卫生院,医院,118.000376,36.761537,5.413,21
淄博市张店区南定中学,学校,118.046504,36.742334,5.452,30
淄博市张店区和平喷泉公园,公园,117.970292,36.802271,5.102,15
淄博市张店区实验中学,学校,118.025832,36.799455,5.493,18
淄博市张店区科苑小学,学校,118.044838,36.819571,5.555,23
淄博市张店区第六中学,学校,117.99802,36.769038,5.373,33
淄博市张店区第十二中学,学校,118.114856,36.790903,5.382,31
淄博市张店区第四中学,学校,118.088207,36.753633,5.164,16
淄博市张店区融媒体中心,文化场馆,118.0451,36.796042,5.391,33
淄博市张店区铝城第一中学,学校,118.040937,36.748754,5.042,30
淄博市张店区齐盛学校,学校,117.97533,36.836168,5.713,19
淄博市技师学院,学校,118.028709,36.819372,5.375,22
淄博市技师学院(东校区),学校,118.080531,36.808427,5.366,19
淄博市技师学院经开校区,学校,118.051685,36.770831,5.51,28
淄博市文化馆,文化场馆,117.98608,36.827249,5.446,15
淄博市植物园,公园,118.029484,36.792359,5.429,22
淄博市淄川区淄河镇卫生院,医院,118.085237,36.483345,5.696,33
淄博市烧烤博物馆,文化场馆,118.045243,36.829379,5.438,29
淄博市特殊教育中心,学校,118.099177,36.820103,5.571,28
淄博市科技馆,文化场馆,117.986156,36.828007,5.768,16
淄博市第一医院北院区,医院,117.877401,36.532754,5.723,23
淄博市第一医院总院,医院,117.86452,36.490278,5.521,25
淄博市第一医院总院门诊部,医院,117.86258,36.489849,5.511,27
淄博市第七人民医院,医院,118.053946,36.826246,5.731,16
淄博市第二康复医院,医院,118.07239,36.817711,5.328,19
淄博市第五人民医院,医院,117.98262,36.632505,5.205,20
淄博市第六人民医院,医院,118.011131,36.835829,5.408,30
淄博市第四人民医院,医院,118.043297,36.76628,5.882,19
淄博市第四人民医院门诊,医院,118.043333,36.767198,5.202,13
淄博市红螺山公园,公园,118.32544,36.789942,5.202,25
淄博市综合训练基地,文化场馆,117.832393,36.743439,5.535,35
淄博市美达菲双语高级中学,学校,117.966026,36.815861,5.503,30
淄博市老年大学,学校,118.043279,36.808417,5.563,23
淄博市职业病防治院,医院,118.011185,36.835737,5.43,30
淄博市育才中学,学校,117.969795,36.641159,5.406,25
淄博市革命烈士陵园,旅游景点,117.88136,36.762238,5.148,19
淄博市高新区植物园,公园,118.02744,36.859301,5.926,23
淄博市高新区第一中学,学校,118.036423,36.855487,5.598,18
淄博市黉山风景名胜旅游区,旅游景点,118.033871,36.659632,5.771,30
淄博师专,学校,117.908464,36.66217,6.01,29
淄博师专附属中学,学校,118.004382,36.638287,5.361,23
淄博师专附属小学,学校,117.981028,36.644906,5.503,21
淄博师范高等专科学校,学校,117.89617,36.661055,5.047,15
淄博广电医院,医院,118.048349,36.815733,4.966,28
淄博延强医院,医院,117.944326,36.665657,5.903,30
淄博建筑工程学校,学校,118.106771,36.967138,5.528,20
淄博张店东方双语学校,学校,118.001771,36.799963,5.698,31
淄博张店中鲁中医院,医院,118.063233,36.811867,5.748,12
淄博张店圣诺医院,医院,118.042855,36.813897,5.794,25
淄博张店建桥实验学校,学校,118.031465,36.820234,5.494,23
淄博张店馨膳坊饭店,餐饮,118.028635,36.80315,5.32,26
淄博恒太城(装修中),商场,117.982957,36.823315,6.011,21
淄博悦动乒乓球俱乐部,体育场馆,118.003041,36.841249,5.111,22
淄博文姜大酒店,餐饮,117.857909,36.48168,5.502,26
淄博新区水系公园,旅游景点,117.989777,36.820477,5.67,31
淄博昌国医院,医院,118.027805,36.784536,5.327,22
淄博星空台球(水晶街店),体育场馆,118.003627,36.816338,5.494,29
淄博柳泉中学,学校,117.977727,36.819203,5.351,31
淄博柳泉艺术学校,学校,118.077172,36.813576,5.72,24
淄博梓童山武术学校,学校,118.031502,36.667658,5.457,23
淄博沂源九天洞景区,旅游景点,118.073101,36.271766,5.44,28
淄博沂源南鲁山风景区,旅游景点,118.073872,36.272734,5.477,24
淄博沂源唐山佛雕文化园,旅游景点,118.377407,36.004463,5.461,20
淄博淄川,商场,117.961309,36.643502,5.771,23
淄博清真寺,旅游景点,118.046329,36.787624,5.45,24
淄博潭溪山旅游区,旅游景点,118.206054,36.497949,5.174,28
淄博瀚文学校,学校,118.033707,36.642932,5.455,27
淄博王府井广场,商场,118.051895,36.805278,5.802,25
淄博理工学校,学校,117.984673,36.645065,5.611,28
淄博瑞生医院,医院,118.040809,36.828672,5.528,31
淄博田敏乒乓球俱乐部,体育场馆,118.061296,36.820468,5.397,21
淄博电子工程学校,学校,118.152562,36.187551,5.274,25
淄博益宁医院,医院,118.077476,36.816863,5.277,24
淄博矿业集团公司双山医院,医院,117.853711,36.498469,5.305,34
淄博科技学校,学校,117.874682,37.149148,5.459,33
淄博稷下实验学校,学校,117.965198,36.816474,5.306,21
淄博站南广场,公园,118.055173,36.784869,4.932,17
淄博第十中学,学校,117.905264,36.581359,5.423,19
淄博第十五中学,学校,117.999981,36.621757,5.025,20
淄博第四中学,学校,117.964349,36.648354,6.072,17
淄博终结者台球俱乐部(旗舰店),体育场馆,118.018569,36.82364,5.395,27
淄博经济开发区实验学校,学校,118.029182,36.77279,5.142,19
淄博聊斋城景区,旅游景点,118.016053,36.62869,5.817,36
淄博职业学院(南校区),学校,117.927048,36.828086,5.593,35
淄博职业技术大学,学校,117.932027,36.83381,5.297,23
淄博职业技术大学东校区,文化场馆,117.93429,36.83009,5.785,35
淄博职业技术大学北校区,学校,117.932961,36.836518,5.619,28
淄博职业技术大学西校区,学校,117.92047,36.836555,5.89,23
淄博诺锋医院(骨科医院),医院,118.035342,36.801729,5.275,18
淄博鑫马吾悦广场,商场,118.001652,36.824664,5.812,25
淄博长城医院,医院,118.030906,36.797646,5.079,26
淄博陶瓷琉璃博物馆,文化场馆,117.9868,36.827607,5.695,20
淄博陶瓷琉璃国艺馆,文化场馆,117.986224,36.826285,5.575,24
淄博震中中医院,医院,118.032777,36.755912,5.827,15
淄博青云寺,旅游景点,117.773415,36.617152,6.098,17
淄博饭店,餐饮,118.060022,36.805832,5.778,16
淄博饭店商场,商场,118.060186,36.806071,5.046,14
淄博高新区华侨城小学,学校,118.035677,36.839421,5.587,15
淄博高新区外国语学校,学校,118.124979,36.830867,5.359,31
淄博高新区实验中学,学校,118.128522,36.830556,5.162,28
淄博高新区实验小学,学校,118.060463,36.831419,5.34,27
淄博高新区文体公园,公园,118.07024,36.840741,4.756,23
淄博高新区机关医院,医院,118.052056,36.840245,6.095,30
淄博高新区石桥中心医院,医院,118.045962,36.886421,5.438,31
淄博高新区第一小学,学校,118.070519,36.844717,5.729,19
淄博高新区第三小学,学校,118.032424,36.868789,5.824,24
淄博高新区第二小学,学校,118.071541,36.876427,5.575,27
淄博高新区第五小学,学校,118.10309,36.837509,5.267,24
淄博高新区第八小学,学校,118.145348,36.881161,5.44,20
淄博高新区第四小学,学校,118.035838,36.887786,5.238,25
淄博高新区黉门文化艺术学校,学校,118.052261,36.856862,5.167,27
淄博高新华庚医院,医院,118.06279,36.843618,5.663,34
淄博高新四季青医院,医院,118.033077,36.8359,4.974,22
淄博高新技术产业开发区卫固中心卫生院,医院,118.144756,36.867151,5.518,25
淄博黉门中学,学校,118.035602,36.806253,5.58,25
淄博齐乐网球俱乐部,体育场馆,118.051554,36.84441,5.767,23
淄博齐盛高级中学,学校,117.976779,36.852334,5.303,29
淄川中学,学校,117.965915,36.633984,5.791,26
淄川二中,学校,117.978648,36.655917,5.503,35
淄川仁和医院,医院,117.764695,36.652712,5.0,17
淄川体育公园,公园,117.975396,36.63122,5.496,20
淄川体育公园东区,公园,117.978905,36.629127,5.698,23
淄川区中医院,医院,117.975153,36.648965,5.372,22
淄川区医院,医院,117.966577,36.655537,5.489,18
淄川区医院西院区,医院,117.91546,36.653396,5.989,17
淄川区双沟卫生院,医院,117.999376,36.695094,5.035,22
淄川区商城路小学,学校,117.956978,36.649593,5.554,22
淄川区土峪村天主教堂,旅游景点,118.040593,36.579527,5.609,34
淄川区城南卫生院,医院,117.954695,36.623403,5.409,23
淄川区实验小学,学校,117.982993,36.639028,5.527,31
淄川区实验小学南校区,学校,117.964219,36.625985,5.786,27
淄川区昆仑中心卫生院,医院,117.917455,36.584912,5.413,24
淄川区洪山卫生院,医院,117.994054,36.625748,5.215,28
淄川区西河中心卫生院,医院,117.942726,36.502452,5.727,16
淄川南部森林公园,公园,117.967431,36.620843,5.402,29
淄川天主堂,旅游景点,118.001386,36.639336,5.325,17
淄川实验中学松龄东路,学校,117.974332,36.647764,5.719,31
淄川小箭扣,旅游景点,118.060602,36.452925,5.155,30
淄川明圣医院,医院,117.948865,36.666524,5.672,18
淄川普安寺,旅游景点,117.884049,36.62809,5.316,41
淄川济民医院,医院,117.977587,36.65291,5.033,25
淄川经济开发区卫生院,医院,117.95904,36.662097,5.233,21
淄川经济开发区实验学校,文化场馆,117.933931,36.657577,5.525,28
淄川经济开发区西山联校,学校,117.926897,36.649915,5.723,15
淄川齐梦乐华梓潼山滑雪场,体育场馆,118.029397,36.667973,5.557,27
淄建集团医院,医院,118.064021,36.801248,5.17,34
淄江社区卫生服务中心,医院,118.335599,36.814881,5.249,39
淘宝商城(鲁中国际商贸城店),商场,117.953475,36.641625,4.978,34
淦河公园,公园,117.829743,36.808721,5.337,38
淼铭园特色大骨头店,餐饮,118.026602,36.768651,5.057,30
清梅居食品(翡翠园店),餐饮,117.872113,36.512931,5.05,18
清梅居食品厂(白虎店),餐饮,117.851202,36.499334,5.828,23
清正源饭店,餐饮,118.210065,36.799794,5.677,36
清真双盛馆,餐饮,118.196175,36.805724,5.672,35
清真寺,旅游景点,117.988974,36.630483,5.598,33
温州商厦,商场,117.958171,36.642203,5.753,26
渭一窑址,旅游景点,117.961306,36.558392,5.642,21
湖田医院-湖田卫生院,医院,118.11723,36.790515,5.097,17
湖田小学,学校,118.113527,36.789104,5.284,25
湖田考场,文化场馆,118.11584,36.795345,5.024,31
湘满天下(沿河西路店),餐饮,118.152484,36.191022,5.699,28
湿地公园,公园,117.896909,36.71004,5.227,25
源和魔石咕噜鱼(沿河东路南端店),餐饮,118.169991,36.170834,6.062,34
滨州医学院淄博教学基地,学校,118.055554,36.807226,5.064,35
漫巴台球,体育场馆,117.926954,36.83419,5.43,26
漫泗河湿地公园,公园,118.058967,36.649746,5.48,17
潘南印巷,餐饮,118.080566,36.80708,5.89,14
潘南小学,学校,118.059069,36.815301,5.438,28
潘庄高级中学,学校,118.060365,36.823397,4.875,23
潮庭健身(欧丽洛雅店),体育场馆,118.011354,36.828545,5.067,9
澳宝徕跨境优品体验馆(锦秋小区店),商场,118.098354,36.964971,5.185,22
瀑布,旅游景点,117.902384,36.416951,5.403,23
火刻北京烤鸭(明清街店),餐饮,118.043785,36.833541,5.346,31
火炬公园,公园,118.053802,36.837551,5.072,31
灵芝洞,旅游景点,118.079323,36.267212,5.52,35
炉神庙,旅游景点,117.858293,36.497091,5.334,28
炒米山生态风景区,旅游景点,118.131667,36.762922,5.232,32
炒米山风景区黉园,旅游景点,118.143709,36.763249,5.191,24
焦裕禄广场,公园,117.862695,36.493876,5.405,28
焦裕禄故居,旅游景点,117.989833,36.434347,5.168,10
焦裕禄精神教学基地,学校,117.991743,36.438656,5.584,24
焦裕禄纪念馆,旅游景点,117.992174,36.437097,5.583,23
爱国文体广场,公园,117.837447,36.787943,5.748,24
爵士西餐厅,餐饮,118.084765,36.95831,5.232,21
牛山禅寺,旅游景点,118.351095,36.791842,5.735,15
牛山郊野公园,公园,118.351994,36.781567,5.557,31
牛记庵古村落,旅游景点,117.808905,36.579246,5.307,27
牛郎庙,旅游景点,118.263788,36.103233,5.734,28
牛郎织女景区织女洞,旅游景点,118.260789,36.103057,5.942,8
牛魔王烧烤海鲜城(商城小区店),餐饮,118.095031,36.949874,5.345,31
牵电医院,医院,118.077809,36.802433,5.525,27
特信商城,商场,117.860326,36.496483,5.417,28
特色芝香鱼(钟楼店),餐饮,117.955238,36.667834,5.728,22
猛犸兄弟私教健身会所,体育场馆,118.053542,36.825692,5.613,20
猪龙河生态公园,公园,118.04949,36.804743,5.494,29
玉兰广场,公园,117.965491,36.80035,5.06,26
玉垚凉皮(山铝店),餐饮,118.045764,36.753859,5.416,26
玉皇宫,旅游景点,117.852755,36.486698,5.54,24
玉黛湖-慧圆寺,旅游景点,118.143872,36.808691,5.608,26
玉黛湖·中国淄博花灯艺术节,文化场馆,118.148659,36.804574,5.642,20
玉龙商场,商场,118.295926,36.814766,5.258,31
玉龙湖湿地公园,公园,118.036436,36.876983,5.566,21
王士禛纪念馆,旅游景点,117.943453,36.9516,5.001,28
王村人民广场,公园,117.733561,36.68375,5.015,28
王村醋博物馆,文化场馆,117.719747,36.681168,5.025,21
王母祠,旅游景点,118.003392,36.707352,5.606,21
王渔洋故居,旅游景点,117.943579,36.951573,5.368,20
王渔洋故里景区,旅游景点,117.940854,36.950247,5.773,23
王超·台球俱乐部(奥德隆家居店),体育场馆,118.307274,36.807644,5.919,23
玖逗集市,商场,117.840824,36.530245,4.731,18
环青院,旅游景点,117.923222,36.737138,5.414,21
玻璃桥广场,公园,118.215201,36.498281,5.012,20
球小牛24h自助台球,体育场馆,117.965372,36.650305,5.188,28
琉璃园,旅游景点,117.85809,36.497154,5.426,17
瑞苑社区团购,商场,118.048905,36.818966,5.867,15
瑷肯体育公园,公园,118.06226,36.83922,5.556,29
瓦萨里现烤披萨(新建中路店),餐饮,117.852565,36.800467,5.025,27
田庄中心卫生院,医院,117.998333,36.979573,5.483,30
由熙(尚美店),餐饮,118.037704,36.810171,5.453,23
留仙湖公园,公园,117.957398,36.6373,5.58,22
留仙湖公园-淄川健康主题公园,公园,117.956814,36.634343,5.97,28
留仙谷清风寺,旅游景点,118.052826,36.603576,5.503,14
白云广场,公园,118.049327,36.803891,5.488,22
白云湖湿地公园,公园,117.831422,36.782527,5.793,41
白石洞旅游风景区,旅游景点,117.819342,36.515991,5.571,19
百信商场,商场,118.05071,36.803084,5.235,27
百姓商厦,商场,117.859366,36.497653,5.653,35
百家姓主题纪念公园,公园,117.995852,36.885687,5.818,21
百纳信誉商场,商场,117.860181,36.498542,5.509,22
百货大楼(振兴路),商场,118.169393,36.184316,5.149,15
的幸·强无敌张店羽球国际主题馆羽毛球馆,体育场馆,118.072624,36.780393,5.561,28
皇后餐厅,餐饮,118.036899,36.850457,5.382,36
皇城医院,医院,118.41921,36.874255,5.334,29
皇城百货大楼,商场,118.419449,36.872545,5.225,26
皇室桌球(道庄小区西区东店),体育场馆,118.042127,36.816457,5.397,11
盛世·璟点台球,体育场馆,118.031094,36.798846,5.583,26
盛华尚都广场,商场,118.309909,36.811202,5.316,23
盛和商场,商场,117.662941,37.107877,5.704,19
盛达商业广场,商场,117.862789,36.504028,5.209,16
盛达商业广场B区,商场,117.863716,36.504063,5.326,22
知味鲜海鲜家常菜,餐饮,118.024842,36.842491,5.75,17
石佛堂寺,旅游景点,118.349201,36.885109,5.038,18
石佛寺,旅游景点,117.862538,36.675462,5.24,26
石头先生的烤炉(淄博博山店),餐饮,117.860839,36.500122,5.678,32
石家班台球俱乐部,体育场馆,118.032648,36.836346,5.346,32
石氏庄园,旅游景点,117.894676,36.865829,5.591,20
石炊百味云南蒸汽石锅鱼,餐饮,118.01485,36.791229,5.454,34
石门景区,旅游景点,117.775426,36.53953,5.574,28
石马镇卫生院,医院,117.895512,36.4001,6.059,17
矾沟肉油饼,餐饮,117.863953,36.476117,5.108,24
碧霞元君行宫,旅游景点,117.969073,36.608908,5.208,17
碧霞祠,旅游景点,118.117578,36.822273,5.482,26
磁村中学,学校,117.83889,36.62076,5.441,59
磁村卫生院,医院,117.847857,36.619271,5.358,41
礼拜堂,旅游景点,118.121455,36.962463,5.818,24
神清宫,旅游景点,118.160918,36.093633,5.44,29
神舟堂,旅游景点,118.04436,36.820507,5.196,21
祥瑞园小学,学校,118.010582,36.824284,5.321,34
福山小学,学校,118.241749,36.733112,5.202,18
福德寺,旅游景点,118.233143,36.766972,5.56,23
福润斯游泳健身会所,体育场馆,118.05429,36.805671,5.789,22
福瑞园蛋糕(邮政局宿舍店),餐饮,118.098388,36.961395,5.074,22
福记小馆(朝阳花苑凯旋城店),餐饮,117.871797,36.811256,5.244,42
福门商城(特色街区·西冶街店),商场,117.858483,36.495995,5.454,28
禹山湖,旅游景点,117.792707,36.482443,5.512,19
禹王山林区,旅游景点,117.780704,36.482885,4.958,25
秀水地下商城(振华商厦店),商场,118.055741,36.80212,5.655,20
程程团购,商场,117.77299,36.640175,5.65,25
稷下学宫遗址(不对外开放),旅游景点,118.332365,36.853936,5.413,31
稷下文化园,公园,118.274123,36.81748,5.76,26
稷山,旅游景点,118.334976,36.769201,5.592,29
立碑山游园,旅游景点,117.851301,36.507937,5.343,22
竹林寺,旅游景点,118.11276,36.55198,5.852,20
第五季·玩库商业中心(博山旗舰店),商场,117.859289,36.49598,5.576,24
管仲纪念馆,旅游景点,118.351952,36.793594,4.991,37
篮球场,体育场馆,117.983237,36.787736,4.877,28
米兰法式甜品,餐饮,117.852921,36.495677,5.684,32
米村拌饭(张店区华光路大润发店),餐饮,118.041565,36.821656,5.11,24
米村拌饭(茂业百货时代店),餐饮,118.295975,36.817475,5.281,33
素红水饺(淄博银都市场一条街店),餐饮,118.077207,36.805544,5.538,24
索镇供销大楼,商场,118.114774,36.956654,5.419,21
索镇卫生院,医院,118.116856,36.958313,5.326,28
紫羅山观音寺,旅游景点,117.950841,36.422362,5.649,34
红军师师史馆,旅游景点,118.040402,36.814645,5.307,35
红叶柿岩古村广场,公园,117.804885,36.509313,5.956,22
红宝龙购物商场(东里店),商场,118.362609,36.018054,5.288,25
红樱桃时尚购物广场(振华商厦店),商场,118.055728,36.802018,4.988,26
红猪比萨(丽景翠苑店),餐饮,118.042974,36.828113,5.046,21
红莲湖公园,公园,118.074569,36.934136,5.235,21
红莲湖公园西湖区,公园,118.065928,36.935049,5.473,20
经开区可奕羽毛球馆,体育场馆,118.089133,36.757848,6.264,24
绿巨人健身(山铝店),体育场馆,118.045932,36.753401,5.355,18
缘梦购物岛,商场,118.01843,36.785623,5.761,23
罗村中学,学校,118.073269,36.679739,5.26,22
罗村卫生院,医院,118.068822,36.685599,5.725,24
美博·嘉汇文具,文化场馆,118.00206,36.804644,5.573,22
美瑞口腔,公园,118.05072,36.808419,5.819,30
美达百货购物中心,商场,118.058979,36.801199,5.592,25
群星乒乓球俱乐部,体育场馆,118.302705,36.80855,5.438,25
翊炀羽毛球馆,体育场馆,117.933706,36.811639,5.67,31
翕善堂博山菜(金桥商务中心店),餐饮,118.073342,36.817548,5.421,33
老何牛肉面,餐饮,118.186653,36.768356,5.163,26
老刺参酒楼,餐饮,118.321585,36.817706,5.243,24
老华盛商场,商场,117.830529,37.168815,5.335,27
老博山私房菜,餐饮,118.070058,36.799784,5.71,39
老字号段家煮锅(青年路店),餐饮,117.84698,36.806725,5.535,23
老屋记忆·土耳其烤肉饭,餐饮,118.046187,36.75416,5.419,22
老朱烧烤,餐饮,118.072546,36.856499,5.136,20
老潍县朝天锅(华光路店),餐饮,118.075226,36.817059,5.566,16
老潍县菜馆(颐和花园店),餐饮,118.066589,36.832173,5.333,27
老车家烧烤,餐饮,117.971224,36.628883,5.573,27
老鸭汤,餐饮,118.022446,36.76349,5.549,27
联启羽毛球馆,体育场馆,117.867129,36.776279,5.749,26
联通路169号红星欧丽洛雅商场,商场,118.010594,36.829104,5.653,31
聚合购物,商场,118.102169,36.819988,5.91,31
胖仔凉皮米线馆,餐饮,118.064941,36.806895,5.286,16
胜利山九九乐园,公园,118.177256,36.18827,5.527,27
胜利广场,公园,117.854169,36.781992,5.249,16
胜炼公园,公园,118.259219,36.771678,5.273,26
胶东肥蛤王小海鲜,餐饮,117.871111,36.815465,5.248,20
腾勃台球俱乐部,体育场馆,118.082624,36.950303,5.296,25
自由界健身游泳俱乐部,体育场馆,118.32318,36.812518,5.363,32
自贸免税商城(建设中),商场,118.055953,36.845954,5.609,30
般阳中学,学校,117.915619,36.656604,5.281,40
良乡体育运动公园,公园,118.073226,36.777487,5.528,21
良家健身(沂源店),体育场馆,118.18579,36.193686,5.557,19
芦湖公园,公园,117.845442,37.171066,5.053,16
花山公园,旅游景点,118.11949,36.824708,5.654,41
花山坊,旅游景点,118.112959,36.821252,5.583,15
英才中学,学校,118.302649,36.793456,5.22,19
英森国际台球俱乐部,体育场馆,118.166412,36.183542,5.742,22
英豪东方明珠大酒店,餐饮,118.076972,36.816286,5.295,25
茂业天地,商场,118.050853,36.807477,5.104,19
茂业百货(商城店),商场,118.319772,36.811152,5.884,24
茂业百货(广场店),商场,118.296332,36.819241,5.162,25
茂业百货(时代店),商场,118.296056,36.817538,5.234,27
茂业百货(泰客荣店),商场,118.302802,36.813754,5.448,30
茂业百货-北区,商场,118.296237,36.819238,5.449,34
茂岭公园,公园,117.914827,36.480506,5.63,26
茶百道(义乌店),餐饮,118.022182,36.82295,5.703,13
荣德医院,医院,118.102162,36.848838,5.127,25
荣耀广场,公园,117.9893,36.829735,5.387,18
莲池利群购物广场,商场,118.036154,36.831436,5.748,16
莲池法治文化公园,公园,118.03423,36.823497,5.35,31
莲花寺,旅游景点,117.873039,36.477942,5.201,19
莲花山公园,公园,117.894789,36.519279,5.984,29
莲花庵,旅游景点,118.077052,36.684369,5.314,20
萌山公园,公园,117.894094,36.713084,5.458,24
萌山水库公园,公园,117.861283,36.697633,5.508,28
萌水中学,学校,117.910734,36.726563,5.249,19
萌水医院,医院,117.921402,36.727733,5.417,32
董家灵泉公园,公园,117.98105,36.694829,5.845,23
蒙之涮(植物园店),餐饮,118.03324,36.789241,5.595,22
蒙山蚂蚱鸡(大顺路店),餐饮,118.297962,36.82577,5.696,16
蒲松龄书馆,旅游景点,117.738211,36.677812,5.167,27
蒲松龄纪念馆,旅游景点,118.011484,36.630581,5.742,28
蓝溪国际滑雪场(暂停营业),体育场馆,118.358638,36.781914,5.48,29
虡盛文化公园,公园,118.196724,36.202578,5.417,30
虾时代(沂源店),餐饮,118.156895,36.185217,5.082,30
蜂山公园,公园,118.244184,36.747659,5.469,23
蝴蝶峪,旅游景点,117.781106,36.513231,5.409,22
蟠龙山道观,旅游景点,118.142951,36.874787,5.39,31
行动力健身,体育场馆,118.294247,36.819368,5.63,27
裕翔球馆,体育场馆,118.041251,36.84489,5.729,28
西城食府,餐饮,117.936398,36.653827,5.264,16
西寨煎饼-猪头肉(西寨小区店),餐饮,117.855764,36.499442,5.588,33
西屋往事自动涮烤吧(联通路店),餐饮,118.0578,36.826961,5.386,20
西山公园,公园,117.990818,36.634296,5.147,29
西张游园,公园,118.085153,36.796736,5.623,23
西河健身广场,公园,117.944417,36.728492,5.378,20
西边有个院,旅游景点,117.982107,36.830791,5.458,34
西部炭火(周村店),餐饮,117.849038,36.81031,5.496,31
观德射箭馆(利群时代广场店),体育场馆,118.047589,36.802083,5.9,11
观音古寺,旅游景点,118.161694,36.365494,4.949,25
观音庙,旅游景点,118.054502,36.618347,5.441,33
谈小娱24h自助台球(东三路店),体育场馆,118.07571,36.794204,5.118,25
谈小娱24h自助台球(健康路店),体育场馆,118.169741,36.194487,5.11,25
谈小娱24h自助台球(博山淄博商厦店),体育场馆,117.857884,36.511516,5.854,20
谈小娱24h自助台球(水晶街店),体育场馆,118.005781,36.81618,5.511,29
谈小娱24h自助台球(迎春街店),体育场馆,118.060762,36.826108,5.414,27
谈小娱24h自助台球棋牌(莲池店),体育场馆,118.036283,36.831241,5.217,20
谭家菜馆,餐饮,118.069649,36.842852,5.572,19
豹岩观,旅游景点,117.72937,36.651491,5.696,24
贝特城多元运动中心蹦床公园(淄博店),体育场馆,118.001073,36.786047,5.607,23
贵都商城,商场,118.164154,36.186187,5.719,25
赵执信纪念馆,旅游景点,117.869469,36.492849,5.536,21
赵瓦湿地公园,公园,117.989471,36.700861,6.164,25
起凤中心卫生院,医院,118.117231,37.056594,5.973,23
超意兴快餐(金鼎·学府壹号店),餐饮,118.000327,36.826454,5.826,27
趣六禾蛤蜊鸡(周村总店),餐饮,117.844753,36.816128,5.552,25
足球主题公园,公园,118.371633,36.804896,5.662,24
辛店街道中体体育公园,公园,118.309062,36.798078,5.627,25
边敏购物商场,商场,118.360844,36.016546,5.452,21
过桥缘·过桥米线(淄博星河街店),餐饮,117.988742,36.799901,5.724,32
过桥缘过桥米线(水晶街店),餐饮,118.003476,36.816582,5.554,26
运粮河湿地公园,公园,118.307362,36.892481,5.555,30
近江南御翅府,餐饮,118.281748,36.810004,5.049,19
进无止境台球俱乐部,体育场馆,117.99665,36.7996,5.276,28
速形特氧舱运动中心,体育场馆,118.048107,36.803525,5.43,24
遄台中学,学校,118.316847,36.818062,5.442,35
遄台小学,学校,118.321962,36.814051,5.427,27
遄台老店骏阳凉皮,餐饮,118.318082,36.817242,5.383,27
那些年潮汕牛肉火锅,餐饮,118.104438,36.959564,4.894,22
邱氏瓜子干果老店(城里大街店),餐饮,117.964129,36.646437,5.696,28
酷玩猩球(吾悦广场店),体育场馆,117.866325,36.822625,5.618,30
重庆石锅鱼,餐饮,118.001048,36.803795,5.604,34
重庆饭店(华光路店),餐饮,118.058445,36.819347,5.52,39
野香蕉团课健身,体育场馆,118.078014,36.816783,5.936,40
金三角亿峰台球,体育场馆,118.297741,36.821013,5.399,17
金乔游园,公园,118.076624,36.814346,5.556,15
金信购物商场(中和街),商场,117.850328,36.797387,5.726,31
金凯悦正阳路店,餐饮,117.867168,36.817928,5.705,17
金周商城,商场,117.854245,36.797938,5.688,17
金地禅寺,旅游景点,117.914574,36.539096,5.874,25
金城商厦(巴黎假日·步行街店),商场,117.853002,36.797435,5.177,17
金太阳商场,商场,118.166734,36.185648,5.574,39
金属狗26小时共享健身,体育场馆,118.035745,36.831279,5.341,15
金山镇文体公园,公园,118.244215,36.735747,5.684,28
金岭清真寺,旅游景点,118.200501,36.799141,5.483,15
金带公园,公园,117.987166,36.820675,5.45,25
金惠丽百货,商场,118.065748,37.06301,5.176,20
金桥商厦(中和街),商场,117.852231,36.797431,5.372,18
金梦园(新村西路店),餐饮,118.027431,36.803256,5.413,30
金沙健身(易达店),体育场馆,117.837132,36.497611,5.164,24
金沙游泳健身(万象汇店),体育场馆,118.060989,36.803223,5.771,21
金牛山景区,旅游景点,117.905307,36.37245,5.084,20
金甫庄园(前进居民生活区西),餐饮,117.820195,36.801265,5.135,25
金百盛商场,商场,117.854008,36.794975,5.919,33
金肥牛火锅(周村店),餐饮,117.867133,36.804521,5.504,20
金色之韵量贩KTV(龙御大厦店),餐饮,118.024504,36.821458,5.258,38
金茵小学,学校,118.318705,36.827676,5.287,19
金银山公园,公园,118.053645,36.424029,5.338,27
金陵寺,旅游景点,118.200509,36.924832,5.662,24
金陵寺-伽蓝殿,旅游景点,118.20056,36.925468,5.487,19
鑫乔羽毛球馆,体育场馆,118.076222,36.817135,5.44,28
鑫动·路人王篮球公园,体育场馆,118.062437,36.839218,5.604,20
鑫群购物中心超市,商场,118.196422,36.800932,5.584,26
钟楼,旅游景点,117.960268,36.668146,6.171,16
钰朋购物中心(沣水店),商场,118.090277,36.756057,5.07,20
钱裕园文化广场,公园,118.00181,36.81628,5.382,14
钱记小院,餐饮,117.854785,36.48077,5.41,24
铁冶村文化广场,公园,118.187361,36.841286,5.234,23
铁冶炉神姑庙,旅游景点,118.183331,36.841161,5.35,16
铁锅砖家·正宗东北铁锅炖(名士豪庭店),餐饮,118.053772,36.85251,5.324,30
铝城购物中心,商场,118.045266,36.753116,5.435,23
银座(天齐店),商场,118.331189,36.813099,5.291,30
银座·奥特莱斯(柳泉路店),商场,118.056075,36.834419,5.496,35
银座中心店2期,商场,118.049828,36.804971,5.839,29
银座二店,商场,117.975212,36.645192,5.356,20
银座商城(人民店),商场,117.860457,36.504428,5.051,37
银座商城(沂源店),商场,118.155451,36.186046,5.24,24
银座商城(淄博店),商场,118.050481,36.805504,5.608,38
银座商城(高青店),商场,117.840226,37.164654,5.483,36
银座商城超市(柳泉路店),商场,118.050484,36.805618,5.436,28
银座新天地(银座购物广场),商场,117.961975,36.650175,5.404,24
银座购物广场,商场,118.033203,36.849245,5.114,14
银座购物广场(五里桥店),商场,118.032224,36.813519,6.02,21
银座购物广场(博山店),商场,117.860767,36.494224,5.512,22
银座购物广场(淄川店),商场,117.961902,36.649139,5.516,20
银泰·金街,商场,118.034913,36.84867,5.341,31
银泰·金街/时代广场,商场,118.035034,36.849708,5.828,25
银泰商城,商场,117.851987,36.798059,5.528,26
银泰城,商场,118.034922,36.848671,5.284,17
锅圈食汇火锅烧烤食材超市(齐都花园店),餐饮,118.290581,36.827659,5.475,32
锤子女子健身,体育场馆,117.991131,36.847568,5.422,24
长乐居酒楼(凯瑞安园店),餐饮,118.020763,36.810163,5.225,35
长寿山广场,公园,117.823867,36.552209,5.375,31
长龙灌汤包,餐饮,117.852565,36.808305,5.184,27
闯山东铁锅炖(天隆购物广场店),餐饮,117.860416,36.503609,5.87,33
闻韶园,公园,118.307337,36.816489,4.977,16
阳光动力心武搏击健身工作室,体育场馆,117.859144,36.496395,5.235,24
阿光正传重庆地摊火锅(博山店),餐饮,117.865354,36.501459,5.354,13
阿喆私房菜(西五路店),餐饮,118.037651,36.84572,5.538,25
陈小二炒鸡(润生家园店),餐饮,118.188699,36.189234,5.498,19
陈庄.唐口西周遗址博物馆,文化场馆,117.802213,37.07272,5.315,20
陈庄公园,公园,117.917705,37.008687,5.869,28
陶涛羽毛球训练营(利群时代广场店),体育场馆,118.047869,36.80187,5.196,15
陶然香火锅居(将军路店),餐饮,117.971523,36.629764,5.382,20
陶然香火锅居(昆仑店),餐饮,117.91889,36.58653,5.34,23
雁阳小学,学校,118.001471,36.653546,5.86,35
雪乡灶台鱼(瑞泉阳光店),餐饮,118.337229,36.808301,5.325,18
雪宫台,旅游景点,118.396235,36.896256,5.615,31
雪宫小学,学校,118.303573,36.818514,5.564,21
零度台球,体育场馆,118.300082,36.813906,5.344,30
零距离健身,体育场馆,118.077582,36.816188,5.294,26
露露韩国风味餐厅,餐饮,117.858807,36.80243,5.494,24
青云大酒店(中共淄川区洪山镇委员会东),餐饮,118.002062,36.623339,5.148,23
青山六本目居酒屋(万象汇店),餐饮,118.061775,36.803382,5.4,20
青岛红树林景区,旅游景点,118.174665,36.184223,5.305,31
青年公园,公园,118.040537,36.760851,5.393,28
青年路街道办事处社区卫生服务中心,医院,117.84943,36.806324,5.531,21
青炉里青花椒烤鱼(义乌店),餐饮,118.018645,36.824361,5.552,27
青龙山公园,公园,118.088849,36.826097,5.371,23
面对面喜事汇,餐饮,117.977589,36.640925,5.308,28
革命历史纪念馆,旅游景点,118.17537,36.18447,5.782,23
革命烈士纪念碑,旅游景点,118.20324,36.877451,5.523,22
韶韵广场,公园,117.98443,36.792311,5.362,30
顺意海鲜楼(中润大道店),餐饮,118.041075,36.837382,5.604,18
顺河羊肉馆,餐饮,118.226861,36.20498,6.217,11
颜山公园,公园,117.849791,36.488876,5.381,23
颜山商城,商场,117.862649,36.496325,5.195,23
颜文姜祠,旅游景点,117.855514,36.481729,5.706,27
颜神古镇,旅游景点,117.869314,36.471163,5.616,25
颜神文旅·九龙峪风景区,旅游景点,117.82119,36.498417,5.39,22
风云台球俱乐部(汇美·弘域店),体育场馆,118.001339,36.816564,5.576,27
飞扬台球俱乐部,体育场馆,118.059651,36.802584,5.421,15
飞龙台球会馆,体育场馆,118.05094,36.809874,5.847,27
飞龙台球棋牌(百脑汇店),体育场馆,118.04808,36.803115,5.521,22
食香阁(广青路店),餐饮,117.694597,37.179924,5.962,25
马勇烧烤,餐饮,118.209615,36.799641,5.878,14
马家文昌阁,旅游景点,117.987232,36.619682,5.831,26
马尚中心卫生院,医院,117.995696,36.81971,5.422,25
马桥公园,公园,117.917491,37.04194,5.281,32
马桥植物园,公园,117.917271,37.035436,5.521,29
马耀南故居,旅游景点,117.904552,36.794954,4.991,21
马莲台风景区,旅游景点,118.347879,36.774682,6.184,20
马踏湖国家湿地公园,旅游景点,118.065484,37.06971,5.567,15
马踏湖鲜鱼馆香和院,餐饮,118.059533,37.062755,5.341,18
马鞍山旅游区,旅游景点,118.092432,36.47841,5.215,24
骑士台球棋牌俱乐部,体育场馆,118.020878,36.828858,5.82,26
高新区四宝山卫生院,医院,118.099801,36.821775,5.678,27
高青万福源购物中心,商场,117.846474,37.165437,5.566,29
高青县中医院,医院,117.830285,37.184154,5.035,26
高青县中心路小学,学校,117.835773,37.157631,5.38,32
高青县人民医院住院部,医院,117.836759,37.169291,5.219,19
高青县体育馆,体育场馆,117.819004,37.168893,5.578,39
高青县千乘湖生态文化园,旅游景点,117.846091,37.15932,5.505,22
高青县实验中学,学校,117.819735,37.165726,5.242,29
高青县第三中学,学校,117.83598,37.195713,5.181,29
高青县第九小时健身俱乐部(银座商城店),体育场馆,117.840109,37.164844,5.57,17
高青县第二中学,学校,117.826388,37.168863,5.835,24
高青县第二人民医院,医院,117.797966,37.178006,5.22,25
高青县第五中学,学校,117.881124,37.151187,5.341,17
高青县第四中学,学校,117.812928,37.172148,5.645,13
高青县花沟中心卫生院,医院,117.758184,37.137115,5.105,34
高青县青城卫生院,医院,117.689242,37.177882,5.131,34
高青县革命历史纪念馆,旅游景点,117.792837,37.182566,5.668,30
高青县高城中心卫生院,医院,117.954429,37.104193,5.573,24
高青友好医院,医院,117.860551,37.173783,5.846,27
高青双语学校,学校,117.860078,37.158281,5.512,32
高青唐坊供销社,商场,117.960948,37.183155,5.285,33
高青燕园学校,学校,117.800862,37.170935,5.387,20
鲁中义乌国际商贸城,商场,118.185521,36.192096,5.241,16
鲁中商业博览城,商场,118.222752,36.206168,5.352,20
鲁中安全生产考试中心,文化场馆,118.125613,36.838574,5.496,30
鲁中晨报,文化场馆,118.058442,36.837798,5.6,24
鲁山全羊烧烤,餐饮,118.041147,36.84383,5.552,19
鲁山国家森林公园,旅游景点,118.048565,36.309523,5.69,20
鲁山国家森林公园-大雄宝殿,旅游景点,118.072669,36.297529,5.401,21
鲁村中心卫生院,医院,118.048379,36.195733,5.473,30
鲁泰体育场,体育场馆,117.982651,36.639185,5.774,22
鲁泰文苑公园,公园,117.994721,36.643395,5.816,18
鲁泰文苑动物园,公园,117.99668,36.64233,5.61,35
鲁西黄牛肉,餐饮,117.863454,36.807768,5.607,31
鲁青商城,商场,117.694342,37.184669,5.667,18
鸿巢老年病医院,医院,118.068017,36.919936,5.312,24
鸿泰医院,医院,117.836937,36.797978,5.386,23
鸿盛购物商场,商场,117.851029,36.797485,5.329,15
鸿祥名品商厦,商场,117.850395,36.79784,5.856,17
鸿运蛤蜊鸡(周村总店),餐饮,117.852972,36.810731,5.52,18
鸿运蛤蜊鸡(尚美第三城店),餐饮,118.039274,36.809909,5.895,17
黄桑别院,餐饮,118.025778,36.812851,5.213,23
黄河公园,公园,117.896406,37.260764,5.126,25
黄河楼博物馆,文化场馆,117.889672,37.259592,5.655,22
黄河楼广场,公园,117.889658,37.259927,5.122,22
黉阳休闲文化广场,公园,118.037958,36.648249,5.518,19
黑咖空间健身馆,体育场馆,118.002446,36.841283,5.442,16
黑山八大景万佛城,旅游景点,117.913628,36.466375,5.181,19
黑旺卫生院,医院,118.147953,36.626963,5.158,23
黑旺船头山白云观,旅游景点,118.205816,36.621873,5.54,26
黑里寨中心卫生院,医院,117.668376,37.108143,5.465,23
黑铁山抗日武装起义纪念馆,旅游景点,118.159912,36.843977,5.552,15
黑铁山风景区,旅游景点,118.164113,36.842767,5.825,32
鼎冠鑫星台球俱乐部,体育场馆,118.04784,36.806456,5.531,18
齐乐梦华嬉雪乐园,体育场馆,118.028288,36.665735,5.781,30
齐乐梦华玉黛湖滑雪场(暂停营业),体育场馆,118.143299,36.806183,5.869,14
齐园,公园,118.292227,36.807527,5.476,37
齐山风景区,旅游景点,118.199833,36.5147,4.912,25
齐德学校,学校,117.989599,36.803053,5.558,23
齐悦国际大饭店,餐饮,117.85344,36.795005,5.504,16
齐悦实验小学,学校,117.980875,36.813464,5.358,21
齐故城排水道口,旅游景点,118.343869,36.890737,5.389,25
齐文化博物馆,文化场馆,118.364788,36.813558,5.382,24
齐林公园,公园,118.062031,36.860615,5.972,22
齐盛健身工作室,体育场馆,117.999041,36.844338,5.374,27
齐盛湖公园,公园,117.989284,36.841662,5.438,20
齐盛湖公园北门办公区,公园,117.988034,36.844019,5.667,16
齐祖广场,公园,118.365747,36.810073,5.208,23
齐羽体育羽毛球馆,体育场馆,118.05162,36.84428,5.381,17
齐赛园社区卫生服务站,医院,118.026971,36.813954,5.386,22
齐都体育城,体育场馆,118.300503,36.827581,5.542,26
齐都大酒店,餐饮,118.308852,36.811267,5.286,14
齐都花园小学,学校,118.289328,36.830072,5.75,26
齐长城一线天,旅游景点,118.143592,36.43048,5.703,27
齐长城遗址,旅游景点,117.855184,36.485532,5.539,22
齐长城遗址--风门道关,旅游景点,117.76158,36.517788,5.511,29
齐陵医院,医院,118.377483,36.799623,5.426,27
齐鲁化工区金山安全实训中心,文化场馆,118.275895,36.756892,5.091,22
齐鲁医药学院,学校,117.917788,36.825047,5.283,26
齐鲁石化公司党委党校,学校,118.284505,36.817216,5.449,29
龙二村文化广场,公园,117.98276,36.579372,5.479,13
龙泉寺,旅游景点,117.897724,36.524553,5.789,27
龙泉镇卫生院,医院,117.97584,36.575459,5.053,18
